Plot,Subplot,Species,DBH,Status,Postfire,Class,Height,CBH,Notes
Blue-01,2,LIDE3,21.8,X,NA,NA,NA,NA,NA
Blue-01,3,LIDE3,13.6,X,NA,NA,NA,NA,NA
Blue-01,4,LIDE3,25.2,X,NA,NA,NA,NA,NA
Blue-01,4,LIDE3,14.7,X,NA,NA,NA,NA,NA
Blue-01,7,PSME,61,X,NA,NA,NA,NA,NA
Blue-01,7,PSME,13.5,X,NA,NA,NA,NA,NA
Blue-01,7,LIDE3,13.9,X,NA,NA,NA,NA,NA
Blue-01,7,LIDE3,20.2,X,NA,NA,NA,NA,NA
Blue-01,8,PSME,74.1,X,NA,NA,NA,NA,NA
Blue-01,8,PSME,63.7,X,NA,NA,NA,NA,NA
Blue-01,8,PSME,46.4,X,NA,NA,NA,NA,NA
Blue-01,1,LIDE3,12,X,NA,NA,NA,NA,NA
Blue-01,1,CHCH7,24.4,X,NA,NA,NA,NA,NA
Blue-01,5,LIDE3,21.3,X,NA,NA,NA,NA,NA
Blue-01,5,LIDE3,12.7,X,NA,NA,NA,NA,NA
Blue-01,9,LIDE3,16.5,X,NA,NA,NA,NA,NA
Blue-01,9,LIDE3,15.1,X,NA,NA,NA,NA,NA
Blue-01,9,CHCH7,43.5,X,NA,NA,NA,NA,NA
Blue-02,2,ACMA3,22.3,X,NA,NA,NA,NA,NA
Blue-02,2,QUCH2,16.8,X,NA,NA,NA,NA,NA
Blue-02,3,NONE,NA,NA,NA,NA,NA,NA,NA
Blue-02,4,PSME,47.8,X,NA,NA,NA,NA,NA
Blue-02,4,PSME,65.6,X,NA,NA,NA,NA,NA
Blue-02,6,PSME,12.4,X,NA,NA,NA,NA,NA
Blue-02,6,PSME,41.5,X,NA,NA,NA,NA,NA
Blue-02,7,PSME,51.7,X,NA,NA,NA,NA,NA
Blue-02,7,PSME,39.4,X,NA,NA,NA,NA,NA
Blue-02,7,PSME,81.3,X,NA,NA,NA,NA,NA
Blue-02,8,ARME,52.5,X,NA,NA,NA,NA,NA
Blue-02,8,ARME,31.1,X,NA,NA,NA,NA,NA
Blue-02,1,ARME,38.4,X,NA,NA,NA,NA,NA
Blue-02,1,PSME,12.8,X,NA,NA,NA,NA,NA
Blue-02,1,QUKE,15.1,X,NA,NA,NA,NA,NA
Blue-02,1,QUKE,22.7,X,NA,NA,NA,NA,NA
Blue-02,5,PSME,113.5,X,NA,NA,NA,NA,NA
Blue-02,9,PSME,12.9,X,NA,NA,NA,NA,NA
IAE-01,2,NONE,NA,NA,NA,NA,NA,NA,NA
IAE-01,1,PSME,63.7,X,NA,NA,NA,NA,NA
IAE-01,1,QUCH2,12.2,X,NA,NA,NA,NA,NA
IAE-01,4,QUCH2,15.2,X,NA,NA,NA,NA,NA
IAE-01,9,QUKE,16.2,X,NA,NA,NA,NA,NA
IAE-01,9,QUKE,20.2,X,NA,NA,NA,NA,NA
IAE-01,9,QUKE,14.7,X,NA,NA,NA,NA,NA
IAE-01,9,QUKE,13.2,X,NA,NA,NA,NA,NA
IAE-01,9,QUKE,18.5,X,NA,NA,NA,NA,NA
IAE-01,9,QUKE,18.8,X,NA,NA,NA,NA,NA
IAE-01,6,PSME,33.2,X,NA,NA,NA,NA,NA
IAE-01,6,QUCH2,18,X,NA,NA,NA,NA,NA
IAE-01,8,QUCH2,33.5,X,NA,NA,NA,NA,NA
IAE-01,3,QUCH2,24.5,X,NA,NA,NA,NA,NA
IAE-01,5,PSME,48.2,X,NA,NA,NA,NA,NA
IAE-01,7,PSME,57.9,X,NA,NA,NA,NA,NA
IAE-01,7,QUKE,16.5,X,NA,NA,NA,NA,NA
IAE-01,7,QUKE,27.2,X,NA,NA,NA,NA,NA
IAE-01,7,PILA,55.4,X,NA,NA,NA,NA,NA
IAE-01,7,PILA,33.4,X,NA,NA,NA,NA,NA
IAE-01,7,PILA,13.8,X,NA,NA,NA,NA,NA
IAE-02,7,NONE,NA,NA,NA,NA,NA,NA,NA
IAE-02,6,PSME,63,X,NA,NA,NA,NA,NA
IAE-02,6,PSME,70,X,NA,NA,NA,NA,NA
IAE-02,3,PSME,76,X,NA,NA,NA,NA,NA
IAE-02,3,QUCH2,13,X,NA,NA,NA,NA,NA
IAE-02,2,NONE,NA,NA,NA,NA,NA,NA,NA
IAE-02,8,PSME,81,X,NA,NA,NA,NA,NA
IAE-02,8,PSME,72,X,NA,NA,NA,NA,NA
IAE-02,4,NONE,NA,NA,NA,NA,NA,NA,NA
IAE-02,1,PSME,51,X,NA,NA,NA,NA,NA
IAE-02,1,QUCH2,20,X,NA,NA,NA,NA,NA
IAE-02,5,PSME,71,X,NA,NA,NA,NA,NA
IAE-02,9,QUCH2,20,X,NA,NA,NA,NA,NA
IAE-01,1,ARME,14.7,X,NA,NA,NA,NA,NA
IAE-01,1,ARME,19.1,X,NA,NA,NA,NA,NA
IAE-01,5,ARME,22.9,X,NA,NA,NA,NA,NA
IAE-01,9,NONE,NA,NA,NA,NA,NA,NA,NA
IAE-01,3,ARME,19.3,X,NA,NA,NA,NA,NA
IAE-01,3,ARME,15.4,X,NA,NA,NA,NA,NA
IAE-01,3,PSME,13.8,X,NA,NA,NA,NA,NA
IAE-01,3,ARME,19.4,X,NA,NA,NA,NA,NA
IAE-01,6,NONE,NA,NA,NA,NA,NA,NA,NA
IAE-01,2,ARME,22.5,X,NA,NA,NA,NA,NA
IAE-01,2,ARME,27.4,X,NA,NA,NA,NA,NA
IAE-01,4,ARME,23.7,X,NA,NA,NA,NA,NA
IAE-01,4,ARME,15.6,X,NA,NA,NA,NA,NA
IAE-01,4,PSME,23.1,X,NA,NA,NA,NA,NA
IAE-01,7,PSME,75.2,X,NA,NA,NA,NA,NA
IAE-01,8,PIPO,43.5,X,NA,NA,NA,NA,NA
BWC-01,7,PSME,15.6,X,NA,NA,NA,NA,NA
BWC-01,7,PSME,21.6,X,NA,NA,NA,NA,NA
BWC-01,7,PSME,79.6,X,NA,NA,NA,NA,NA
BWC-01,7,QUKE,26.6,X,NA,NA,NA,NA,NA
BWC-01,6,PIPO,156.2,X,NA,NA,NA,NA,NA
BWC-01,6,QUKE,18.9,X,NA,NA,NA,NA,NA
BWC-01,6,QUKE,16.6,X,NA,NA,NA,NA,NA
BWC-01,6,QUKE,30.5,X,NA,NA,NA,NA,NA
BWC-01,6,QUKE,24,X,NA,NA,NA,NA,NA
BWC-01,6,QUKE,29.7,X,NA,NA,NA,NA,NA
BWC-01,6,QUKE,26.8,X,NA,NA,NA,NA,NA
BWC-01,6,QUKE,30.8,X,NA,NA,NA,NA,NA
BWC-01,2,NONE,NA,NA,NA,NA,NA,NA,NA
BWC-01,3,NONE,NA,NA,NA,NA,NA,NA,NA
BWC-01,4,PSME,51.5,X,NA,NA,NA,NA,NA
BWC-01,8,NONE,NA,NA,NA,NA,NA,NA,NA
BWC-01,1,PSME,39.2,X,NA,NA,NA,NA,NA
BWC-01,1,PSME,14.4,X,NA,NA,NA,NA,NA
BWC-01,1,PSME,18.7,X,NA,NA,NA,NA,NA
BWC-01,5,QUKE,32.6,X,NA,NA,NA,NA,NA
BWC-01,9,QUKE,30.2,X,NA,NA,NA,NA,NA
BWC-01,9,ARME,37.4,X,NA,NA,NA,NA,NA
BWU-01,3,PSME,68.5,X,NA,NA,NA,NA,NA
BWU-01,2,PSME,29.7,X,NA,NA,NA,NA,NA
BWU-01,4,PSME,65,X,NA,NA,NA,NA,NA
BWU-01,7,PSME,63.8,X,NA,NA,NA,NA,NA
BWU-01,6,PSME,58.2,X,NA,NA,NA,NA,NA
BWU-01,8,ARME,24.3,X,NA,NA,NA,NA,NA
BWU-01,8,PSME,58.5,X,NA,NA,NA,NA,NA
BWU-01,8,PSME,49.2,X,NA,NA,NA,NA,NA
BWU-01,1,NONE,NA,NA,NA,NA,NA,NA,NA
BWU-01,5,PSME,57.4,X,NA,NA,NA,NA,NA
BWU-01,9,NONE,NA,NA,NA,NA,NA,NA,NA
BWU-02,2,PSME,32.4,X,NA,NA,NA,NA,NA
BWU-02,2,PSME,27.5,X,NA,NA,NA,NA,NA
BWU-02,2,PSME,24,X,NA,NA,NA,NA,NA
BWU-02,2,PSME,30.8,X,NA,NA,NA,NA,NA
BWU-02,3,PSME,25.8,X,NA,NA,NA,NA,NA
BWU-02,3,PSME,62.2,X,NA,NA,NA,NA,NA
BWU-02,4,PSME,35.8,X,NA,NA,NA,NA,NA
BWU-02,4,PSME,40.2,X,NA,NA,NA,NA,NA
BWU-02,4,PSME,67.5,X,NA,NA,NA,NA,NA
BWU-02,6,PSME,41.2,X,NA,NA,NA,NA,NA
BWU-02,6,PSME,50,X,NA,NA,NA,NA,NA
BWU-02,7,PSME,41.4,X,NA,NA,NA,NA,NA
BWU-02,7,PSME,64.2,X,NA,NA,NA,NA,NA
BWU-02,7,PSME,22.2,X,NA,NA,NA,NA,NA
BWU-02,7,PSME,49.8,X,NA,NA,NA,NA,NA
BWU-02,8,PSME,40.5,X,NA,NA,NA,NA,NA
BWU-02,8,PSME,38.6,X,NA,NA,NA,NA,NA
BWU-02,1,PSME,32.3,X,NA,NA,NA,NA,NA
BWU-02,5,PSME,41,X,NA,NA,NA,NA,NA
BWU-02,5,PSME,33.6,X,NA,NA,NA,NA,NA
BWU-02,9,PSME,34.2,X,NA,NA,NA,NA,NA
BWU-02,9,PSME,47.3,X,NA,NA,NA,NA,NA
BWU-02,9,PSME,55.3,X,NA,NA,NA,NA,NA
PTR-02,8,CHCH7,27.3,X,NA,NA,NA,NA,NA
PTR-02,8,CHCH7,16.5,X,NA,NA,NA,NA,NA
PTR-02,8,CHCH7,34.1,X,NA,NA,NA,NA,NA
PTR-02,8,UNKC,18,X,NA,NA,NA,NA,NA
PTR-02,4,CHCH7,41.4,X,NA,NA,NA,NA,NA
PTR-02,7,ARME,35.6,X,NA,NA,NA,NA,NA
PTR-02,7,QUKE,22.4,X,NA,NA,NA,NA,NA
PTR-02,7,CHCH7,28.4,X,NA,NA,NA,NA,NA
PTR-02,7,CHCH7,26.4,X,NA,NA,NA,NA,NA
PTR-02,7,CHCH7,20.2,X,NA,NA,NA,NA,NA
PTR-02,7,UNK,17.7,X,NA,NA,NA,NA,NA
PTR-02,3,PSME,96,X,NA,NA,NA,NA,NA
PTR-02,3,UNK,15.6,X,NA,NA,NA,NA,NA
PTR-02,3,CHCH7,28.2,X,NA,NA,NA,NA,NA
PTR-02,3,CHCH7,37.8,X,NA,NA,NA,NA,NA
PTR-02,3,QUKE,21.4,X,NA,NA,NA,NA,NA
PTR-02,6,PSME,108.4,X,NA,NA,NA,NA,NA
PTR-02,2,NONE,NA,NA,NA,NA,NA,NA,NA
PTR-02,9,CHCH7,20.5,X,NA,NA,NA,NA,NA
PTR-02,9,CHCH7,20.5,X,NA,NA,NA,NA,NA
PTR-02,9,CHCH7,23.4,X,NA,NA,NA,NA,NA
PTR-02,9,CHCH7,34.7,X,NA,NA,NA,NA,NA
PTR-02,9,ARME,36,X,NA,NA,NA,NA,NA
PTR-02,9,ARME,20.1,X,NA,NA,NA,NA,NA
PTR-02,5,CHCH7,33.4,X,NA,NA,NA,NA,NA
PTR-02,5,CHCH7,21.5,X,NA,NA,NA,NA,NA
PTR-02,5,CHCH7,32.9,X,NA,NA,NA,NA,NA
PTR-02,5,UNK,15.2,X,NA,NA,NA,NA,NA
PTR-02,5,PILA,113.7,X,NA,NA,NA,NA,NA
PTR-02,5,CHCH7,25.7,X,NA,NA,NA,NA,NA
PTR-02,9,CHCH7,30.4,X,NA,NA,NA,NA,NA
LG-01,6,QUCH2,14.9,X,NA,NA,NA,NA,NA
LG-01,6,ARME,22.5,X,NA,NA,NA,NA,NA
LG-01,6,ARME,21.5,X,NA,NA,NA,NA,NA
LG-01,6,ARME,22.5,X,NA,NA,NA,NA,NA
LG-01,6,ARME,24,X,NA,NA,NA,NA,NA
LG-01,6,PSME,35.5,X,NA,NA,NA,NA,NA
LG-01,3,CHCH7,23.9,X,NA,NA,NA,NA,NA
LG-01,3,PSME,52,X,NA,NA,NA,NA,NA
LG-01,3,PSME,14.1,X,NA,NA,NA,NA,NA
LG-01,3,PSME,23.5,X,NA,NA,NA,NA,NA
LG-01,3,UNKB,15,X,NA,NA,NA,NA,NA
LG-01,7,PSME,54.6,X,NA,NA,NA,NA,NA
LG-01,4,PSME,32.7,X,NA,NA,NA,NA,NA
LG-01,4,PSME,34.6,X,NA,NA,NA,NA,NA
LG-01,4,PSME,27.6,X,NA,NA,NA,NA,NA
LG-01,8,PSME,26.4,X,NA,NA,NA,NA,NA
LG-01,2,CHCH7,42,X,NA,NA,NA,NA,NA
LG-01,2,CHCH7,23.9,X,NA,NA,NA,NA,NA
LG-01,2,UNKB,18,X,NA,NA,NA,NA,NA
LG-01,1,QUCH2,15,X,NA,NA,NA,NA,NA
LG-01,1,UNKB,26,X,NA,NA,NA,NA,NA
LG-01,1,UNKB,17.1,X,NA,NA,NA,NA,NA
LG-01,5,PSME,36.4,X,NA,NA,NA,NA,NA
LG-01,5,PSME,15.5,X,NA,NA,NA,NA,NA
LG-01,9,PSME,12,X,NA,NA,NA,NA,NA
LG-01,9,PSME,12.6,X,NA,NA,NA,NA,NA
ORL-01,8,PSME,16,X,NA,NA,NA,NA,NA
ORL-01,7,LIDE3,23.4,X,NA,NA,NA,NA,NA
ORL-01,6,QUKE,15.1,X,NA,NA,NA,NA,NA
ORL-01,6,PSME,16.6,X,NA,NA,NA,NA,NA
ORL-01,2,PSME,112,X,NA,NA,NA,NA,NA
ORL-01,3,PSME,39.7,X,NA,NA,NA,NA,NA
ORL-01,3,PSME,12.1,X,NA,NA,NA,NA,NA
ORL-01,3,ARME,26.9,X,NA,NA,NA,NA,NA
ORL-01,3,LIDE3,22.7,X,NA,NA,NA,NA,NA
ORL-01,4,LIDE3,38.4,X,NA,NA,NA,NA,NA
ORL-01,9,LIDE3,60.1,X,NA,NA,NA,NA,NA
ORL-01,9,LIDE3,45.2,X,NA,NA,NA,NA,NA
ORL-01,9,LIDE3,48.3,X,NA,NA,NA,NA,NA
ORL-01,9,LIDE3,40.9,X,NA,NA,NA,NA,NA
ORL-01,5,LIDE3,29.1,X,NA,NA,NA,NA,NA
ORL-01,1,PSME,19.8,X,NA,NA,NA,NA,NA
ORL-01,2,PSME,18.7,X,NA,NA,NA,NA,NA
ORL-01,1,ARME,14.5,X,NA,NA,NA,NA,NA
PAN-01,2,ARME,27.7,X,NA,NA,NA,NA,NA
PAN-01,2,ARME,15,X,NA,NA,NA,NA,NA
PAN-01,2,ARME,13.8,X,NA,NA,NA,NA,NA
PAN-01,2,ARME,18.5,X,NA,NA,NA,NA,NA
PAN-01,2,ARME,15.5,X,NA,NA,NA,NA,NA
PAN-01,3,PSME,12.8,X,NA,NA,NA,NA,NA
PAN-01,3,ARME,28.8,X,NA,NA,NA,NA,NA
PAN-01,3,ARME,31.4,X,NA,NA,NA,NA,NA
PAN-01,3,ARME,40.5,X,NA,NA,NA,NA,NA
PAN-01,4,ARME,30.5,X,NA,NA,NA,NA,NA
PAN-01,4,ARME,19,X,NA,NA,NA,NA,NA
PAN-01,4,ARME,23.5,X,NA,NA,NA,NA,NA
PAN-01,6,QUKE,15.7,X,NA,NA,NA,NA,NA
PAN-01,6,QUKE,12,X,NA,NA,NA,NA,NA
PAN-01,7,ARME,31.7,X,NA,NA,NA,NA,NA
PAN-01,7,ARME,35.1,X,NA,NA,NA,NA,NA
PAN-01,8,PSME,20,X,NA,NA,NA,NA,NA
PAN-01,8,PSME,35.5,X,NA,NA,NA,NA,NA
PAN-01,8,PSME,34.9,X,NA,NA,NA,NA,NA
PAN-01,8,QUKE,12,X,NA,NA,NA,NA,NA
PAN-01,1,QUKE,17,X,NA,NA,NA,NA,NA
PAN-01,1,QUKE,15.2,X,NA,NA,NA,NA,NA
PAN-01,5,ARME,22.8,X,NA,NA,NA,NA,NA
PAN-01,5,ARME,28.7,X,NA,NA,NA,NA,NA
PAN-01,5,ARME,26.7,X,NA,NA,NA,NA,NA
PAN-01,5,ARME,28.8,X,NA,NA,NA,NA,NA
PAN-01,5,ARME,12.1,X,NA,NA,NA,NA,NA
PAN-01,9,QUKE,17.2,X,NA,NA,NA,NA,NA
PAN-02,4,NONE,NA,NA,NA,NA,NA,NA,NA
PAN-02,3,NONE,NA,NA,NA,NA,NA,NA,NA
PAN-02,2,PSME,12.7,X,NA,NA,NA,NA,NA
PAN-02,2,PSME,34,X,NA,NA,NA,NA,NA
PAN-02,2,PSME,62,X,NA,NA,NA,NA,NA
PAN-02,2,PSME,24,X,NA,NA,NA,NA,NA
PAN-02,8,ARME,19.8,X,NA,NA,NA,NA,NA
PAN-02,8,ARME,32.5,X,NA,NA,NA,NA,NA
PAN-02,8,ARME,36.9,X,NA,NA,NA,NA,NA
PAN-02,7,QUKE,19,X,NA,NA,NA,NA,NA
PAN-02,7,QUCH2,10.9,X,NA,NA,NA,NA,Too small
PAN-02,7,QUCH2,20.3,X,NA,NA,NA,NA,NA
PAN-02,7,ARME,37.6,X,NA,NA,NA,NA,NA
PAN-02,6,ARME,31.3,X,NA,NA,NA,NA,NA
PAN-02,6,QUCH2,19.3,X,NA,NA,NA,NA,NA
PAN-02,6,PSME,13,X,NA,NA,NA,NA,NA
PAN-02,9,ARME,33.9,X,NA,NA,NA,NA,NA
PAN-02,5,PSME,115.5,X,NA,NA,NA,NA,NA
PAN-02,5,QUCH2,15.2,X,NA,NA,NA,NA,NA
PAN-02,1,PSME,13,X,NA,NA,NA,NA,NA
PAN-02,1,PSME,52.5,X,NA,NA,NA,NA,NA
PAN-02,1,PSME,12.5,X,NA,NA,NA,NA,NA
PAN-03,4,NONE,NA,NA,NA,NA,NA,NA,NA
PAN-03,3,NONE,NA,NA,NA,NA,NA,NA,NA
PAN-03,2,PSME,29.7,X,NA,NA,NA,NA,NA
PAN-03,2,PSME,35.6,X,NA,NA,NA,NA,NA
PAN-03,2,PSME,56.7,X,NA,NA,NA,NA,NA
PAN-03,8,NONE,NA,NA,NA,NA,NA,NA,NA
PAN-03,7,NONE,NA,NA,NA,NA,NA,NA,NA
PAN-03,9,NONE,NA,NA,NA,NA,NA,NA,NA
PAN-03,5,NONE,NA,NA,NA,NA,NA,NA,NA
PAN-03,1,PSME,87,X,NA,NA,NA,NA,NA
PAN-03,1,PIPO,138.5,X,NA,NA,NA,NA,NA
LOM-01,6,PSME,41.4,X,NA,NA,NA,NA,NA
LOM-01,3,NONE,NA,NA,NA,NA,NA,NA,NA
LOM-01,7,UNKC,51.9,X,NA,NA,NA,NA,NA
LOM-01,7,UNKC,32.7,X,NA,NA,NA,NA,NA
LOM-01,4,NONE,NA,NA,NA,NA,NA,NA,NA
LOM-01,2,QUCH2,17.8,X,NA,NA,NA,NA,NA
LOM-01,2,QUCH2,15.7,X,NA,NA,NA,NA,NA
LOM-01,8,NONE,NA,NA,NA,NA,NA,NA,NA
LOM-01,1,NONE,NA,NA,NA,NA,NA,NA,NA
LOM-01,5,UNKC,55.9,X,NA,NA,NA,NA,NA
LOM-01,9,NONE,NA,NA,NA,NA,NA,NA,NA
LOM-02,6,QUCH2,25,X,NA,NA,NA,NA,NA
LOM-02,7,NONE,NA,NA,NA,NA,NA,NA,NA
LOM-02,2,QUCH2,20,X,NA,NA,NA,NA,NA
LOM-02,8,ARME,12.5,X,NA,NA,NA,NA,NA
LOM-02,8,QUCH2,69,X,NA,NA,NA,NA,NA
LOM-02,3,PSME,63,X,NA,NA,NA,NA,NA
LOM-02,4,NONE,NA,NA,NA,NA,NA,NA,NA
LOM-02,1,PSME,110,X,NA,NA,NA,NA,NA
LOM-02,5,PSME,51,X,NA,NA,NA,NA,NA
LOM-02,5,QUCH2,17,X,NA,NA,NA,NA,NA
LOM-02,9,QUCH2,26,X,NA,NA,NA,NA,NA
LOM-02,9,QUCH2,38,X,NA,NA,NA,NA,NA
STN-01,2,NONE,NA,NA,NA,NA,NA,NA,NA
STN-01,3,NONE,NA,NA,NA,NA,NA,NA,NA
STN-01,4,NONE,NA,NA,NA,NA,NA,NA,NA
STN-01,6,NONE,NA,NA,NA,NA,NA,NA,NA
STN-01,7,UNKC,13,X,NA,NA,NA,NA,NA
STN-01,7,UNKC,15,X,NA,NA,NA,NA,NA
STN-01,8,NONE,NA,NA,NA,NA,NA,NA,NA
STN-01,1,PSME,110.6,X,NA,NA,NA,NA,NA
STN-01,1,PSME,87.5,X,NA,NA,NA,NA,NA
STN-01,5,NONE,NA,NA,NA,NA,NA,NA,NA
STN-01,9,NONE,NA,NA,NA,NA,NA,NA,NA
STN-03,6,PSME,58.6,L,n,D,NA,NA,NA
STN-03,6,ARME,30.4,X,NA,NA,NA,NA,NA
STN-03,7,PSME,35.2,X,NA,NA,NA,NA,NA
STN-03,7,PSME,41.9,X,NA,NA,NA,NA,NA
STN-03,8,PSME,52.8,L,n,D,NA,NA,NA
STN-03,8,PSME,18.2,X,NA,NA,NA,NA,NA
STN-03,2,PSME,18.2,X,NA,NA,NA,NA,NA
STN-03,2,PSME,42,X,NA,NA,NA,NA,NA
STN-03,2,PSME,43.2,X,NA,NA,NA,NA,NA
STN-03,2,PSME,16,X,NA,NA,NA,NA,NA
STN-03,3,PSME,16.6,X,NA,NA,NA,NA,NA
STN-03,4,PSME,18.5,X,NA,NA,NA,NA,NA
STN-03,1,PSME,28.4,X,NA,NA,NA,NA,NA
STN-03,1,PSME,15.7,X,NA,NA,NA,NA,NA
STN-03,1,PSME,18.2,X,NA,NA,NA,NA,NA
STN-03,5,PSME,18.2,X,NA,NA,NA,NA,NA
STN-03,5,ARME,43,L,n,D,4,0.5,NA
STN-03,9,NONE,NA,NA,NA,NA,NA,NA,NA
BIS-01,2,NONE,NA,NA,NA,NA,NA,NA,NA
BIS-01,3,NONE,NA,NA,NA,NA,NA,NA,NA
BIS-01,4,PINUS,36.5,X,NA,NA,NA,NA,NA
BIS-01,4,PSME,54,L,n,NA,NA,NA,NA
BIS-01,4,UNKC,21,L,n,NA,NA,NA,NA
BIS-01,6,NONE,NA,NA,NA,NA,NA,NA,NA
BIS-01,7,PSME,141,X,NA,NA,NA,NA,NA
BIS-01,8,PINUS,50,X,NA,NA,NA,NA,NA
BIS-01,1,NONE,NA,NA,NA,NA,NA,NA,NA
BIS-01,2,NONE,NA,NA,NA,NA,NA,NA,NA
BIS-01,9,PSME,42,X,NA,NA,NA,NA,NA
BIS-02,4,PSME,13.9,X,NA,NA,NA,NA,NA
BIS-02,4,PSME,29.8,X,NA,NA,NA,NA,NA
BIS-02,3,PSME,31.6,X,NA,NA,NA,NA,NA
BIS-02,8,ARME,12.7,X,NA,NA,NA,NA,NA
BIS-02,8,ARME,22.4,X,NA,NA,NA,NA,NA
BIS-02,8,PSME,16.9,X,NA,NA,NA,NA,NA
BIS-02,2,ARME,31,X,NA,NA,NA,NA,NA
BIS-02,2,ARME,13,D,n,NA,NA,NA,NA
BIS-02,2,ARME,27.1,X,NA,NA,NA,NA,NA
BIS-02,2,ARME,21.3,X,NA,NA,NA,NA,NA
BIS-02,2,ARME,15.9,C,NA,NA,NA,NA,NA
BIS-02,2,ARME,38.1,X,NA,NA,NA,NA,NA
BIS-02,2,ARME,12.5,C,n,NA,NA,NA,NA
BIS-02,2,ARME,49,X,NA,NA,NA,NA,NA
BIS-02,2,ARME,30,X,NA,NA,NA,NA,NA
BIS-02,7,PSME,49.1,X,NA,NA,NA,NA,NA
BIS-02,7,PSME,52.1,X,NA,NA,NA,NA,NA
BIS-02,6,PSME,28.7,X,NA,NA,NA,NA,NA
BIS-02,6,ARME,27.6,X,NA,NA,NA,NA,NA
BIS-02,1,ARME,33.3,X,NA,NA,NA,NA,NA
BIS-02,1,ARME,29.9,X,NA,NA,NA,NA,NA
BIS-02,1,PSME,15.7,X,NA,NA,NA,NA,NA
BIS-02,5,PSME,21.3,X,NA,NA,NA,NA,NA
BIS-02,9,PSME,31,X,NA,NA,NA,NA,NA
BIS-02,9,QUKE,19.4,X,NA,NA,NA,NA,NA
BIS-03,3,QUKE,15.1,X,NA,NA,NA,NA,NA
BIS-03,2,PSME,36.1,X,NA,NA,NA,NA,NA
BIS-03,6,PIPO,52.6,X,NA,NA,NA,NA,NA
BIS-03,6,QUKE,15.3,X,NA,NA,NA,NA,NA
BIS-03,4,PSME,25.2,X,NA,NA,NA,NA,NA
BIS-03,4,PSME,22.6,X,NA,NA,NA,NA,NA
BIS-03,8,NONE,NA,NA,NA,NA,NA,NA,NA
BIS-03,7,ARME,14.7,X,NA,NA,NA,NA,NA
BIS-03,7,PSME,37.1,X,NA,NA,NA,NA,NA
BIS-03,7,PSME,22.9,X,NA,NA,NA,NA,NA
BIS-03,7,QUKE,20.3,X,NA,NA,NA,NA,NA
BIS-03,1,PSME,26.1,X,NA,NA,NA,NA,NA
BIS-03,1,PSME,18.8,X,NA,NA,NA,NA,NA
BIS-03,1,QUKE,13.9,X,NA,NA,NA,NA,NA
BIS-03,5,NONE,NA,NA,NA,NA,NA,NA,NA
BIS-03,9,PSME,19.5,X,NA,NA,NA,NA,NA
BIS-03,9,PSME,27.8,X,NA,NA,NA,NA,NA
BIS-04,6,NONE,NA,NA,NA,NA,NA,NA,NA
BIS-04,7,NONE,NA,NA,NA,NA,NA,NA,NA
BIS-04,2,PSME,98.3,X,NA,NA,NA,NA,NA
BIS-04,8,PIPO,18.5,X,NA,NA,NA,NA,NA
BIS-04,8,PSME,46.7,X,NA,NA,NA,NA,NA
BIS-04,3,NONE,NA,NA,NA,NA,NA,NA,NA
BIS-04,4,NONE,NA,NA,NA,NA,NA,NA,NA
BIS-04,1,NONE,NA,NA,NA,NA,NA,NA,NA
BIS-04,5,NONE,NA,NA,NA,NA,NA,NA,NA
BIS-04,9,PSME,14,X,NA,NA,NA,NA,NA
BIS-04,9,PSME,23.2,X,NA,NA,NA,NA,NA
BIS-04,9,PSME,18.7,X,NA,NA,NA,NA,NA
BIS-04,9,PSME,55.5,X,NA,NA,NA,NA,NA
BIS-04,9,PSME,34.7,X,NA,NA,NA,NA,NA
BIS-04,9,UNKC,17,X,NA,NA,NA,NA,NA
BIS-05,3,NONE,NA,NA,NA,NA,NA,NA,NA
BIS-05,7,PIPO,77.7,X,NA,NA,NA,NA,NA
BIS-05,2,PIPO,44.4,X,NA,NA,NA,NA,NA
BIS-05,2,PIPO,68.7,X,NA,NA,NA,NA,NA
BIS-05,8,NONE,NA,NA,NA,NA,NA,NA,NA
BIS-05,6,PSME,83,X,NA,NA,NA,NA,NA
BIS-05,4,PSME,71.4,X,NA,NA,NA,NA,NA
BIS-05,1,PSME,79.4,X,NA,NA,NA,NA,NA
BIS-05,1,PSME,57.2,X,NA,NA,NA,NA,NA
BIS-05,5,PSME,14.1,X,NA,NA,NA,NA,NA
BIS-05,9,PIPO,54.2,X,NA,NA,NA,NA,NA
BIS-05,9,PIPO,92.7,X,NA,NA,NA,NA,NA
BIS-06,3,UNKC,32.5,X,NA,NA,NA,NA,Data sheet did not specify conifer or broadleaf
BIS-06,3,UNKC,27,X,NA,NA,NA,NA,NA
BIS-06,3,UNKC,24,X,NA,NA,NA,NA,NA
BIS-06,2,NONE,NA,NA,NA,NA,NA,NA,NA
BIS-06,6,NONE,NA,NA,NA,NA,NA,NA,NA
BIS-06,4,NONE,NA,NA,NA,NA,NA,NA,NA
BIS-06,7,NONE,NA,NA,NA,NA,NA,NA,NA
BIS-06,8,PSME,66,x,NA,NA,NA,NA,NA
BIS-06,1,NONE,NA,NA,NA,NA,NA,NA,NA
BIS-06,1,NONE,NA,NA,NA,NA,NA,NA,NA
BIS-06,1,NONE,NA,NA,NA,NA,NA,NA,NA
BIS-07,7,UNKC,19.8,X,NA,NA,NA,NA,NA
BIS-07,7,PSME,53.7,X,NA,NA,NA,NA,NA
BIS-07,7,PSME,42.4,X,NA,NA,NA,NA,NA
BIS-07,8,UNKC,30.7,X,NA,NA,NA,NA,NA
BIS-07,8,UNKC,20.4,X,NA,NA,NA,NA,NA
BIS-07,8,UNKC,25.4,X,NA,NA,NA,NA,NA
BIS-07,8,PSME,40,X,NA,NA,NA,NA,NA
BIS-07,4,PSME,29,X,NA,NA,NA,NA,NA
BIS-07,4,PSME,44.2,X,NA,NA,NA,NA,NA
BIS-07,4,UNKC,12,X,NA,NA,NA,NA,NA
BIS-07,4,UNKC,16.9,X,NA,NA,NA,NA,NA
BIS-07,6,NONE,NA,NA,NA,NA,NA,NA,NA
BIS-07,2,PSME,30.3,X,NA,NA,NA,NA,NA
BIS-07,2,PSME,31.2,X,NA,NA,NA,NA,NA
BIS-07,2,UNKC,13.4,X,NA,NA,NA,NA,NA
BIS-07,3,UNKC,21.1,X,NA,NA,NA,NA,NA
BIS-07,3,UNKC,38.5,X,NA,NA,NA,NA,NA
BIS-07,9,UNKC,20.4,X,NA,NA,NA,NA,NA
BIS-07,9,PSME,38.7,X,NA,NA,NA,NA,NA
BIS-07,5,PSME,29.4,X,NA,NA,NA,NA,NA
BIS-07,5,PSME,18.2,X,NA,NA,NA,NA,NA
BIS-07,1,UNKC,24,X,NA,NA,NA,NA,NA
BIS-07,1,UNKC,10.2,X,NA,NA,NA,NA,Too small
BIS-07,1,PSME,31,X,NA,NA,NA,NA,NA
BIS-10,2,ARME,22.3,X,NA,NA,NA,NA,NA
BIS-10,3,NONE,NA,NA,NA,NA,NA,NA,NA
BIS-10,4,NONE,NA,NA,NA,NA,NA,NA,NA
BIS-10,6,PSME,19,X,NA,NA,NA,NA,NA
BIS-10,6,PSME,79.9,X,NA,NA,NA,NA,NA
BIS-10,6,PIPO,20.4,X,NA,NA,NA,NA,NA
BIS-10,6,PIPO,56.1,X,NA,NA,NA,NA,NA
BIS-10,7,PSME,31,X,NA,NA,NA,NA,NA
BIS-10,7,PSME,28.6,X,NA,NA,NA,NA,NA
BIS-10,7,PIPO,62,X,NA,NA,NA,NA,NA
BIS-10,8,NONE,NA,NA,NA,NA,NA,NA,NA
BIS-10,1,PSME,22.9,X,NA,NA,NA,NA,NA
BIS-10,1,PSME,76.2,X,NA,NA,NA,NA,NA
BIS-10,5,PSME,20.6,X,NA,NA,NA,NA,NA
BIS-10,5,ARME,16,X,NA,NA,NA,NA,NA
BIS-10,9,NONE,NA,NA,NA,NA,NA,NA,NA
BIS-11,7,NONE,NA,NA,NA,NA,NA,NA,NA
BIS-11,6,NONE,NA,NA,NA,NA,NA,NA,NA
BIS-11,2,NONE,NA,NA,NA,NA,NA,NA,NA
BIS-11,8,PSME,35.3,X,NA,NA,NA,NA,NA
BIS-11,4,NONE,NA,NA,NA,NA,NA,NA,NA
BIS-11,3,NONE,NA,NA,NA,NA,NA,NA,NA
BIS-11,1,NONE,NA,NA,NA,NA,NA,NA,NA
BIS-11,5,PSME,70,X,NA,NA,NA,NA,NA
BIS-11,9,PSME,85,X,NA,NA,NA,NA,NA
BIS-11,9,ARME,16.5,X,NA,NA,NA,NA,NA
BIS-11,9,ARME,16,X,NA,NA,NA,NA,NA
BIS-12,7,PSME,26,X,NA,NA,NA,NA,NA
BIS-12,7,PSME,89.3,X,NA,NA,NA,NA,NA
BIS-12,6,ARME,19.6,L,n,NA,NA,NA,NA
BIS-12,6,ARME,40.3,L,n,NA,NA,NA,NA
BIS-12,2,ARME,22.7,X,NA,NA,NA,NA,NA
BIS-12,2,ARME,29.6,X,NA,NA,NA,NA,NA
BIS-12,2,ARME,26.9,X,NA,NA,NA,NA,NA
BIS-12,2,ARME,24,X,NA,NA,NA,NA,NA
BIS-12,2,ARME,35,X,NA,NA,NA,NA,NA
BIS-12,2,ARME,26.4,X,NA,NA,NA,NA,NA
BIS-12,2,ARME,24,X,NA,NA,NA,NA,NA
BIS-12,2,ARME,29.5,X,NA,NA,NA,NA,NA
BIS-12,8,ARME,28.3,X,NA,NA,NA,NA,NA
BIS-12,4,NONE,NA,NA,NA,NA,NA,NA,NA
BIS-12,3,ARME,17.1,X,NA,NA,NA,NA,NA
BIS-12,1,ARME,16.4,X,NA,NA,NA,NA,NA
BIS-12,5,ARME,20.6,X,NA,NA,NA,NA,NA
BIS-12,5,ARME,29.5,X,NA,NA,NA,NA,NA
BIS-12,5,ARME,37,X,NA,NA,NA,NA,NA
BIS-12,9,NONE,NA,NA,NA,NA,NA,NA,NA
HCS-01,3,UNKC,56.4,X,NA,NA,NA,NA,Unknown conifers in this plot are either PSME or ABCO
HCS-01,2,UNKC,65.8,X,NA,NA,NA,NA,NA
HCS-01,2,UNKC,44.4,X,NA,NA,NA,NA,NA
HCS-01,2,UNKC,43.2,X,NA,NA,NA,NA,NA
HCS-01,2,UNKC,30.9,X,NA,NA,NA,NA,NA
HCS-01,2,UNKC,50,X,NA,NA,NA,NA,NA
HCS-01,6,UNKC,67.6,X,NA,NA,NA,NA,NA
HCS-01,4,UNKC,52.2,X,NA,NA,NA,NA,NA
HCS-01,8,UNKC,54.9,X,NA,NA,NA,NA,NA
HCS-01,8,UNKC,65.7,X,NA,NA,NA,NA,NA
HCS-01,7,NONE,NA,NA,NA,NA,NA,NA,NA
HCS-01,5,UNKC,67.9,X,NA,NA,NA,NA,NA
HCS-01,5,UNKC,31.6,X,NA,NA,NA,NA,NA
HCS-01,1,UNKC,63.4,X,NA,NA,NA,NA,NA
HCS-01,9,UNKC,29.8,X,NA,NA,NA,NA,NA
HCS-02,2,PSME,44.1,X,NA,NA,NA,NA,NA
HCS-02,3,PSME,45.8,X,NA,NA,NA,NA,NA
HCS-02,3,PSME,45,X,NA,NA,NA,NA,NA
HCS-02,3,PSME,29.1,X,NA,NA,NA,NA,NA
HCS-02,3,PSME,23.6,X,NA,NA,NA,NA,NA
HCS-02,5,NONE,NA,NA,NA,NA,NA,NA,NA
HCS-02,6,ARME,25.8,X,NA,NA,NA,NA,NA
HCS-02,6,ARME,27.9,X,NA,NA,NA,NA,NA
HCS-02,6,ARME,12.2,L,y,NA,NA,NA,NA
HCS-02,6,PSME,40.2,X,NA,NA,NA,NA,NA
HCS-02,6,PSME,32.4,X,NA,NA,NA,NA,NA
HCS-02,7,PSME,57.6,X,NA,NA,NA,NA,NA
HCS-02,8,PSME,15.7,X,NA,NA,NA,NA,NA
HCS-02,8,PSME,68.8,X,NA,NA,NA,NA,NA
HCS-02,1,PSME,24.1,X,NA,NA,NA,NA,NA
HCS-02,4,PSME,58.1,X,NA,NA,NA,NA,NA
HCS-02,4,PSME,33.2,X,NA,NA,NA,NA,NA
HCS-02,9,PSME,35.9,X,NA,NA,NA,NA,NA
HCS-04,2,PSME,141,X,NA,NA,NA,NA,NA
HCS-04,3,NONE,NA,NA,NA,NA,NA,NA,NA
HCS-04,6,PSME,111.6,X,NA,NA,NA,NA,NA
HCS-04,4,NONE,NA,NA,NA,NA,NA,NA,NA
HCS-04,7,NONE,NA,NA,NA,NA,NA,NA,NA
HCS-04,8,NONE,NA,NA,NA,NA,NA,NA,NA
HCS-04,1,NONE,NA,NA,NA,NA,NA,NA,NA
HCS-04,5,PSME,121,X,NA,NA,NA,NA,NA
HCS-04,9,PSME,110.1,X,NA,NA,NA,NA,NA
HCS-06,2,NONE,NA,NA,NA,NA,NA,NA,NA
HCS-06,3,NONE,NA,NA,NA,NA,NA,NA,NA
HCS-06,4,PSME,44,X,NA,NA,NA,NA,NA
HCS-06,4,ARME,21.8,X,NA,NA,NA,NA,NA
HCS-06,6,PSME,41.4,X,NA,NA,NA,NA,NA
HCS-06,7,PSME,79.5,X,NA,NA,NA,NA,NA
HCS-06,7,PSME,27,X,NA,NA,NA,NA,NA
HCS-06,7,LIDE3,12.4,L,y,NA,NA,NA,NA
HCS-06,8,LIDE3,34.5,X,NA,NA,NA,NA,NA
HCS-06,8,LIDE3,12.4,X,NA,NA,NA,NA,NA
HCS-06,1,NONE,NA,NA,NA,NA,NA,NA,NA
HCS-06,5,NONE,NA,NA,NA,NA,NA,NA,NA
HCS-06,9,NONE,NA,NA,NA,NA,NA,NA,NA
QTZ-01,3,PSME,27,X,NA,NA,NA,NA,NA
QTZ-01,2,NONE,NA,NA,NA,NA,NA,NA,NA
QTZ-01,6,UNKC,39,X,NA,NA,NA,NA,Unknown conifers are either PSME or ABCO in this plot
QTZ-01,6,UNKC,34.4,X,NA,NA,NA,NA,NA
QTZ-01,4,UNKC,17.8,X,NA,NA,NA,NA,NA
QTZ-01,4,UNKC,25,X,NA,NA,NA,NA,NA
QTZ-01,4,UNKC,27,X,NA,NA,NA,NA,NA
QTZ-01,8,UNKC,16.7,X,NA,NA,NA,NA,NA
QTZ-01,7,UNKC,23.2,X,NA,NA,NA,NA,NA
QTZ-01,1,UNKC,17.4,X,NA,NA,NA,NA,NA
QTZ-01,1,UNKC,16.7,X,NA,NA,NA,NA,NA
QTZ-01,1,PIPO,65.2,X,NA,NA,NA,NA,NA
QTZ-01,5,UNKC,41.3,X,NA,NA,NA,NA,NA
QTZ-01,9,UNKC,25.5,X,NA,NA,NA,NA,NA
QTZ-01,9,UNKC,55.6,X,NA,NA,NA,NA,NA
QTZ-02,3,NONE,NA,NA,NA,NA,NA,NA,NA
QTZ-02,4,NONE,NA,NA,NA,NA,NA,NA,NA
QTZ-02,8,NONE,NA,NA,NA,NA,NA,NA,NA
QTZ-02,2,UNKC,44.5,X,NA,NA,NA,NA,Unknown conifers are either PSME or ABCO in this plot
QTZ-02,6,UNKC,21.9,X,NA,NA,NA,NA,NA
QTZ-02,6,UNKC,16.6,X,NA,NA,NA,NA,NA
QTZ-02,7,UNKC,34.5,X,NA,NA,NA,NA,NA
QTZ-02,9,UNKC,24.3,X,NA,NA,NA,NA,NA
QTZ-02,9,UNKC,47,X,NA,NA,NA,NA,NA
QTZ-02,5,NONE,NA,NA,NA,NA,NA,NA,NA
QTZ-02,1,UNKC,33.7,X,NA,NA,NA,NA,NA
REP-01,7,UNKC,34.5,X,NA,NA,NA,NA,NA
REP-01,7,PSME,14.9,L,y,NA,NA,NA,NA
REP-01,7,PIAT,12.5,L,y,NA,NA,NA,NA
REP-01,7,PIAT,13.8,L,y,NA,NA,NA,NA
REP-01,6,NONE,NA,NA,NA,NA,NA,NA,NA
REP-01,2,NONE,NA,NA,NA,NA,NA,NA,NA
REP-01,8,PSME,76.2,X,NA,NA,NA,NA,NA
REP-01,8,PIAT,14.1,L,y,D,NA,NA,NA
REP-01,4,UNK,26.2,X,NA,NA,NA,NA,Data sheet did not specify conifer or broadleaf
REP-01,4,PSME,12.2,L,y,NA,NA,NA,NA
REP-01,4,PIAT,13.8,L,y,NA,NA,NA,NA
REP-01,3,NONE,NA,NA,NA,NA,NA,NA,NA
REP-01,1,PSME,75.9,X,NA,NA,NA,NA,NA
REP-01,5,NONE,NA,NA,NA,NA,NA,NA,NA
REP-01,9,PIAT,12.5,L,y,D,7.25,2.75,NA
REP-02,2,NONE,NA,NA,NA,NA,NA,NA,NA
REP-02,3,PSME,36.1,X,NA,NA,NA,NA,NA
REP-02,6,PSME,51.3,X,NA,NA,NA,NA,NA
REP-02,6,PSME,38.6,X,NA,NA,NA,NA,NA
REP-02,4,PSME,43.2,X,NA,NA,NA,NA,NA
REP-02,4,ARME,14.2,L,y,NA,NA,NA,NA
REP-02,8,PSME,15.4,X,NA,NA,NA,NA,NA
REP-02,8,PSME,41.3,X,NA,NA,NA,NA,NA
REP-02,7,PSME,26.2,X,NA,NA,NA,NA,NA
REP-02,1,PSME,33.9,X,NA,NA,NA,NA,NA
REP-02,1,PSME,27,X,NA,NA,NA,NA,NA
REP-02,1,PSME,51.1,X,NA,NA,NA,NA,NA
REP-02,5,PSME,40.8,X,NA,NA,NA,NA,NA
REP-02,5,PSME,31.5,X,NA,NA,NA,NA,NA
REP-02,9,PSME,28.1,X,NA,NA,NA,NA,NA
REP-02,9,PSME,17.3,X,NA,NA,NA,NA,NA
REP-02,9,PSME,21.2,X,NA,NA,NA,NA,NA
BBM-01,8,ARME,12.1,L,y,NA,NA,NA,NA
BBM-01,4,NONE,NA,NA,NA,NA,NA,NA,NA
BBM-01,7,PSME,50,X,NA,NA,NA,NA,NA
BBM-01,3,NONE,NA,NA,NA,NA,NA,NA,NA
BBM-01,6,NONE,NA,NA,NA,NA,NA,NA,NA
BBM-01,2,PSME,109,X,NA,NA,NA,NA,NA
BBM-01,2,QUCH2,42,L,n,D,NA,NA,Height and CBH were not recorded
BBM-01,9,QUCH2,13.2,L,y,D,4.8,0.3,NA
BBM-01,9,PSME,21.5,X,NA,NA,NA,NA,NA
BBM-01,5,QUCH2,65.4,L,n,D,19.7,4.6,NA
BBM-01,5,PSME,80,X,NA,NA,NA,NA,NA
BBM-01,1,NONE,NA,NA,NA,NA,NA,NA,NA
BBM-02,2,QUKE,26.5,X,NA,NA,NA,NA,NA
BBM-02,3,PIPO,70.5,X,NA,NA,NA,NA,NA
BBM-02,4,QUCH2,29,L,n,NA,NA,NA,NA
BBM-02,6,NONE,NA,NA,NA,NA,NA,NA,NA
BBM-02,7,QUCH2,76,X,NA,NA,NA,NA,NA
BBM-02,8,NONE,NA,NA,NA,NA,NA,NA,NA
BBM-02,1,NONE,NA,NA,NA,NA,NA,NA,NA
BBM-02,5,NONE,NA,NA,NA,NA,NA,NA,NA
BBM-02,9,NONE,NA,NA,NA,NA,NA,NA,NA
BBM-03,3,PSME,72.9,X,NA,NA,NA,NA,NA
BBM-03,4,PSME,73.4,X,NA,NA,NA,NA,NA
BBM-03,6,UNKC,26,X,NA,NA,NA,NA,NA
BBM-03,6,UNKC,16,X,NA,NA,NA,NA,NA
BBM-03,2,NONE,NA,NA,NA,NA,NA,NA,NA
BBM-03,7,NONE,NA,NA,NA,NA,NA,NA,NA
BBM-03,8,NONE,NA,NA,NA,NA,NA,NA,NA
BBM-03,1,PSME,31.1,X,NA,NA,NA,NA,NA
BBM-03,1,PSME,37,X,NA,NA,NA,NA,NA
BBM-03,5,NONE,NA,NA,NA,NA,NA,NA,NA
BBM-03,9,NONE,NA,NA,NA,NA,NA,NA,NA
BBO-01,6,PSME,9,X,NA,NA,NA,NA,Too small
BBO-01,7,NONE,NA,NA,NA,NA,NA,NA,NA
BBO-01,8,NONE,NA,NA,NA,NA,NA,NA,NA
BBO-01,3,PSME,9.4,X,NA,NA,NA,NA,Too small
BBO-01,2,NONE,NA,NA,NA,NA,NA,NA,NA
BBO-01,4,NONE,NA,NA,NA,NA,NA,NA,NA
BBO-01,1,PSME,72,X,NA,NA,NA,NA,NA
BBO-01,5,NONE,NA,NA,NA,NA,NA,NA,NA
BBO-01,9,LIDE3,19.8,X,NA,NA,NA,NA,NA
SPE-01,4,NONE,NA,NA,NA,NA,NA,NA,NA
SPE-01,3,NONE,NA,NA,NA,NA,NA,NA,NA
SPE-01,2,PSME,120,X,NA,NA,NA,NA,NA
SPE-01,8,ACMA3,23.5,X,NA,NA,NA,NA,NA
SPE-01,7,NONE,NA,NA,NA,NA,NA,NA,NA
SPE-01,6,NONE,NA,NA,NA,NA,NA,NA,NA
SPE-01,1,NONE,NA,NA,NA,NA,NA,NA,NA
SPE-01,5,NONE,NA,NA,NA,NA,NA,NA,NA
SPE-01,9,NONE,NA,NA,NA,NA,NA,NA,NA
SPE-02,3,NONE,NA,NA,NA,NA,NA,NA,NA
SPE-02,4,PSME,90,X,NA,NA,NA,NA,NA
SPE-02,8,NONE,NA,NA,NA,NA,NA,NA,NA
SPE-02,2,NONE,NA,NA,NA,NA,NA,NA,NA
SPE-02,6,NONE,NA,NA,NA,NA,NA,NA,NA
SPE-02,7,PSME,138,X,NA,NA,NA,NA,NA
SPE-02,9,PSME,81,X,NA,NA,NA,NA,NA
SPE-02,5,PSME,90,X,NA,NA,NA,NA,NA
SPE-02,1,NONE,NA,NA,NA,NA,NA,NA,NA
SPE-03,3,PSME,68,X,NA,NA,NA,NA,NA
SPE-03,2,NONE,NA,NA,NA,NA,NA,NA,NA
SPE-03,4,PSME,81,X,NA,NA,NA,NA,NA
SPE-03,4,PSME,53,X,NA,NA,NA,NA,NA
SPE-03,6,PSME,63,X,NA,NA,NA,NA,NA
SPE-03,7,NONE,NA,NA,NA,NA,NA,NA,NA
SPE-03,8,PIAT,21,L,y,D,NA,NA,NA
SPE-03,1,NONE,NA,NA,NA,NA,NA,NA,NA
SPE-03,5,PSME,65,X,NA,NA,NA,NA,NA
SPE-03,5,PSME,64,X,NA,NA,NA,NA,NA
SPE-03,5,PSME,27,X,NA,NA,NA,NA,NA
SPE-03,5,PSME,26,X,NA,NA,NA,NA,NA
SPE-03,9,ARME,13,L,y,C,5.5,1.5,NA
SPE-03,9,ARME,16,L,y,C,5.5,2.5,NA
SPE-03,9,QUCH2,12,L,y,D,5,1,NA
SPE-04,8,PSME,81.1,X,NA,NA,NA,NA,NA
SPE-04,7,NONE,NA,NA,NA,NA,NA,NA,NA
SPE-04,6,NONE,NA,NA,NA,NA,NA,NA,NA
SPE-04,4,PSME,66,X,NA,NA,NA,NA,NA
SPE-04,3,PSME,43,X,NA,NA,NA,NA,NA
SPE-04,2,NONE,NA,NA,NA,NA,NA,NA,NA
SPE-04,1,NONE,NA,NA,NA,NA,NA,NA,NA
SPE-04,5,NONE,NA,NA,NA,NA,NA,NA,NA
SPE-04,9,NONE,NA,NA,NA,NA,NA,NA,NA
Bear-01,2,PSME,34.8,X,NA,NA,NA,NA,NA
Bear-01,2,PSME,20.8,X,NA,NA,NA,NA,NA
Bear-01,3,PSME,15.8,X,NA,NA,NA,NA,NA
Bear-01,3,PIAT,12.7,L,y,NA,NA,NA,NA
Bear-01,4,PSME,49.2,X,NA,NA,NA,NA,NA
Bear-01,4,PSME,16.8,X,NA,NA,NA,NA,NA
Bear-01,4,PSME,21.4,X,NA,NA,NA,NA,NA
Bear-01,4,PSME,34,X,NA,NA,NA,NA,NA
Bear-01,6,PSME,19.7,X,NA,NA,NA,NA,NA
Bear-01,6,PSME,30.2,X,NA,NA,NA,NA,NA
Bear-01,7,PSME,32.8,X,NA,NA,NA,NA,NA
Bear-01,8,PSME,17.7,X,NA,NA,NA,NA,NA
Bear-01,1,PSME,22.4,X,NA,NA,NA,NA,NA
Bear-01,5,PSME,32,X,NA,NA,NA,NA,NA
Bear-01,5,PSME,26.2,X,NA,NA,NA,NA,NA
Bear-01,5,PIAT,13,L,y,D,6.7,0.6,NA
Bear-01,9,PSME,39.9,L,n,D,26.6,18.4,NA
JCK-01,2,NONE,NA,NA,NA,NA,NA,NA,"Note, there are several large PSME snags just outside the plot"
JCK-01,3,PIAT,13.4,L,y,NA,NA,NA,NA
JCK-01,4,PIAT,12.8,L,y,NA,NA,NA,NA
JCK-01,4,PIAT,17.2,L,y,NA,NA,NA,NA
JCK-01,6,NONE,NA,NA,NA,NA,NA,NA,NA
JCK-01,7,ARME,13.7,L,y,NA,NA,NA,NA
JCK-01,7,PIAT,13.8,L,y,NA,NA,NA,NA
JCK-01,7,PIAT,21,L,y,NA,NA,NA,NA
JCK-01,8,PSME,27,X,NA,NA,NA,NA,NA
JCK-01,8,QUKE,23,X,NA,NA,NA,NA,NA
JCK-01,8,QUKE,22.5,X,NA,NA,NA,NA,NA
JCK-01,8,QUKE,27,X,NA,NA,NA,NA,NA
JCK-01,8,QUKE,13.3,L,y,NA,NA,NA,NA
JCK-01,8,PIAT,19,L,y,NA,NA,NA,NA
JCK-01,8,PIAT,12.5,L,y,NA,NA,NA,NA
JCK-01,1,PIAT,15.5,L,y,C,7.5,1.5,NA
JCK-01,1,PIAT,12.3,L,y,C,6.25,1.75,NA
JCK-01,1,PIAT,13.3,L,y,C,6.5,1.75,NA
JCK-01,1,PIAT,13.4,L,y,C,6.75,2.75,NA
JCK-01,1,PIAT,12.6,L,y,C,6.5,2,NA
JCK-01,5,PIAT,14.2,L,y,D,7,2.75,NA
JCK-01,5,PIAT,14.5,L,y,D,6.5,3,NA
JCK-01,5,PIAT,12.1,L,y,C,6,3,NA
JCK-01,5,PIAT,14.3,L,y,C,6.5,2.25,NA
JCK-01,5,PIAT,14.6,L,y,C,6.5,2.25,NA
JCK-01,5,PIAT,12.8,L,y,C,6.25,2,NA
JCK-01,5,PIAT,14.2,L,y,C,6.5,2.5,NA
JCK-01,9,QUKE,13,L,n,D,11,3.5,NA
JCK-01,9,QUKE,14.2,L,n,D,10.5,4.5,NA
JCK-01,9,QUKE,12.1,L,n,C,10,2.25,NA
HTL-01,6,PSME,12.9,L,y,NA,NA,NA,NA
HTL-01,6,PSME,55,X,NA,NA,NA,NA,NA
HTL-01,7,QUCH2,24,L,n,NA,NA,NA,NA
HTL-01,7,QUCH2,22.6,L,n,NA,NA,NA,NA
HTL-01,8,QUKE,25,L,n,NA,NA,NA,NA
HTL-01,8,ARME,45.3,L,n,NA,NA,NA,NA
HTL-01,8,ARME,12.9,L,y,NA,NA,NA,NA
HTL-01,8,ARME,27,L,n,NA,NA,NA,NA
HTL-01,2,NONE,NA,NA,NA,NA,NA,NA,NA
HTL-01,3,NONE,NA,NA,NA,NA,NA,NA,NA
HTL-01,4,NONE,NA,NA,NA,NA,NA,NA,NA
HTL-01,1,NONE,NA,NA,NA,NA,NA,NA,NA
HTL-01,5,UNKC,70,X,NA,NA,NA,NA,NA
HTL-01,9,NONE,NA,NA,NA,NA,NA,NA,NA
HTL-02,2,NONE,NA,NA,NA,NA,NA,NA,NA
HTL-02,3,QUCH2,14,X,NA,NA,NA,NA,NA
HTL-02,4,PSME,17.4,X,NA,NA,NA,NA,NA
HTL-02,6,QUCH2,13.9,L,y,NA,NA,NA,NA
HTL-02,7,QUCH2,20.6,L,n,NA,NA,NA,NA
HTL-02,7,QUCH2,20.8,L,n,NA,NA,NA,NA
HTL-02,8,NONE,NA,NA,NA,NA,NA,NA,NA
HTL-02,1,NONE,NA,NA,NA,NA,NA,NA,NA
HTL-02,5,NONE,NA,NA,NA,NA,NA,NA,NA
HTL-02,9,NONE,NA,NA,NA,NA,NA,NA,NA
HTL-03,8,PSME,21.7,X,NA,NA,NA,NA,NA
HTL-03,8,PSME,16.4,X,NA,NA,NA,NA,NA
HTL-03,7,PSME,18.3,X,NA,NA,NA,NA,NA
HTL-03,7,PSME,14.6,X,NA,NA,NA,NA,NA
HTL-03,6,NONE,NA,NA,NA,NA,NA,NA,NA
HTL-03,2,QUCH2,13.3,L,y,NA,NA,NA,NA
HTL-03,2,PSME,105.2,X,NA,NA,NA,NA,NA
HTL-03,4,NONE,NA,NA,NA,NA,NA,NA,NA
HTL-03,3,NONE,NA,NA,NA,NA,NA,NA,NA
HTL-03,1,NONE,NA,NA,NA,NA,NA,NA,NA
HTL-03,5,NONE,NA,NA,NA,NA,NA,NA,NA
HTL-03,9,NONE,NA,NA,NA,NA,NA,NA,NA
HTL-04,2,NONE,NA,NA,NA,NA,NA,NA,NA
HTL-04,7,UNKC,34.2,X,NA,NA,NA,NA,NA
HTL-04,3,ACMA3,16.1,X,NA,NA,NA,NA,NA
HTL-04,3,PSME,12.7,X,NA,NA,NA,NA,NA
HTL-04,8,UNKC,68.9,X,NA,NA,NA,NA,NA
HTL-04,8,PSME,51.1,X,NA,NA,NA,NA,NA
HTL-04,4,NONE,NA,NA,NA,NA,NA,NA,NA
HTL-04,6,NONE,NA,NA,NA,NA,NA,NA,NA
HTL-04,1,NONE,NA,NA,NA,NA,NA,NA,NA
HTL-04,5,NONE,NA,NA,NA,NA,NA,NA,NA
HTL-04,9,NONE,NA,NA,NA,NA,NA,NA,NA
HTL-10,3,UNKC,61,X,NA,NA,NA,NA,NA
HTL-10,4,QUCH2,18,L,y,NA,NA,NA,NA
HTL-10,4,QUCH2,12,L,y,NA,NA,NA,NA
HTL-10,8,QUCH2,13.6,L,y,NA,NA,NA,NA
HTL-10,2,PIPO,24.7,L,n,NA,NA,NA,NA
HTL-10,6,QUCH2,13.8,L,y,NA,NA,NA,NA
HTL-10,7,QUCH2,12.1,L,y,NA,NA,NA,NA
HTL-10,7,QUCH2,12.3,L,y,NA,NA,NA,NA
HTL-10,9,QUCH2,12.6,L,y,C,7,1.25,NA
HTL-10,9,PSME,36.5,X,NA,NA,NA,NA,NA
HTL-10,5,NONE,NA,NA,NA,NA,NA,NA,NA
HTL-10,1,QUCH2,18,L,y,C,7,1.25,NA
HTL-10,1,QUCH2,12.4,L,y,C,6.1,1.5,NA
HTL-10,1,QUCH2,23.8,L,y,C,6.9,1.5,NA
HTL-10,1,QUCH2,15.4,L,y,C,6.2,0.75,NA
HTL-10,1,PSME,56,X,NA,NA,NA,NA,NA
HTL-12,2,NONE,NA,NA,NA,NA,NA,NA,NA
HTL-12,3,NONE,NA,NA,NA,NA,NA,NA,NA
HTL-12,4,NONE,NA,NA,NA,NA,NA,NA,NA
HTL-12,7,NONE,NA,NA,NA,NA,NA,NA,NA
HTL-12,8,NONE,NA,NA,NA,NA,NA,NA,NA
HTL-12,6,ARME,14.9,L,y,D,NA,NA,NA
HTL-12,1,PSME,117.3,X,NA,NA,NA,NA,NA
HTL-12,5,PSME,95.8,X,NA,NA,NA,NA,NA
HTL-12,9,NONE,NA,NA,NA,NA,NA,NA,NA
KT-01,7,ARME,16.5,L,y,NA,NA,NA,NA
KT-01,6,NONE,NA,NA,NA,NA,NA,NA,NA
KT-01,2,PIAT,16.8,L,y,NA,NA,NA,NA
KT-01,8,PIPO,12.8,L,y,NA,NA,NA,NA
KT-01,4,LIDE3,15.5,L,y,NA,NA,NA,NA
KT-01,4,LIDE3,12.1,L,y,NA,NA,NA,NA
KT-01,4,ARME,28.6,L,n,NA,NA,NA,NA
KT-01,4,ARME,17.4,L,y,NA,NA,NA,NA
KT-01,3,PIAT,16,L,y,NA,NA,NA,NA
KT-01,1,NONE,NA,NA,NA,NA,NA,NA,NA
KT-01,5,PIAT,13.3,L,y,C,6.7,1.8,NA
KT-01,9,UNKC,140,X,NA,NA,NA,NA,NA
KT-02,6,PSME,114.5,X,NA,NA,NA,NA,NA
KT-02,6,LIDE3,17.3,L,y,NA,NA,NA,NA
KT-02,6,LIDE3,15.7,L,y,NA,NA,NA,NA
KT-02,6,LIDE3,13.3,L,y,NA,NA,NA,NA
KT-02,6,LIDE3,17.5,L,y,NA,NA,NA,NA
KT-02,6,LIDE3,17,L,y,NA,NA,NA,NA
KT-02,6,LIDE3,15.6,L,y,NA,NA,NA,NA
KT-02,7,LIDE3,14,L,y,NA,NA,NA,NA
KT-02,8,LIDE3,16.6,L,y,NA,NA,NA,NA
KT-02,8,LIDE3,18,L,y,NA,NA,NA,NA
KT-02,8,LIDE3,12.5,L,y,NA,NA,NA,NA
KT-02,8,LIDE3,16.8,L,y,NA,NA,NA,NA
KT-02,8,LIDE3,16.7,L,y,NA,NA,NA,NA
KT-02,8,LIDE3,15,L,y,NA,NA,NA,NA
KT-02,8,LIDE3,15.1,L,y,NA,NA,NA,NA
KT-02,8,LIDE3,18.8,L,y,NA,NA,NA,NA
KT-02,2,LIDE3,12.3,L,y,NA,NA,NA,NA
KT-02,2,LIDE3,16.3,L,y,NA,NA,NA,NA
KT-02,2,LIDE3,13.4,L,y,NA,NA,NA,NA
KT-02,2,LIDE3,15.8,L,y,NA,NA,NA,NA
KT-02,2,PSME,67.5,X,NA,NA,NA,NA,NA
KT-02,2,PSME,99.5,X,NA,NA,NA,NA,NA
KT-02,2,PSME,52.6,X,NA,NA,NA,NA,NA
KT-02,3,LIDE3,15.5,L,y,NA,NA,NA,NA
KT-02,3,LIDE3,16.3,L,y,NA,NA,NA,NA
KT-02,3,LIDE3,19.5,L,y,NA,NA,NA,NA
KT-02,3,LIDE3,12.9,L,y,NA,NA,NA,NA
KT-02,4,LIDE3,16.7,L,y,NA,NA,NA,NA
KT-02,4,LIDE3,14.6,L,y,NA,NA,NA,NA
KT-02,4,LIDE3,12.6,L,y,NA,NA,NA,NA
KT-02,1,LIDE3,13.8,L,y,C,6.4,2.2,NA
KT-02,1,LIDE3,13.6,L,y,C,5.8,1.4,NA
KT-02,1,LIDE3,19.3,L,y,D,10.8,2.6,NA
KT-02,1,PSME,107.5,X,NA,NA,NA,NA,NA
KT-02,5,LIDE3,16.8,L,y,D,13.1,1.6,NA
KT-02,5,LIDE3,13.7,L,y,C,5.3,3,NA
KT-02,5,LIDE3,12.7,L,y,C,5.9,1.8,NA
KT-02,5,LIDE3,16.4,L,y,D,5.9,2.7,NA
KT-02,9,LIDE3,15.3,L,y,C,7.4,2.2,NA
KT-02,9,LIDE3,15.2,L,y,D,8,1.7,NA
KT-02,9,LIDE3,12.9,L,y,C,6.3,1.4,NA
STC-01,3,PSME,127,X,NA,NA,NA,NA,NA
STC-01,3,ARME,18,L,y,NA,NA,NA,NA
STC-01,4,ARME,17,L,y,NA,NA,NA,NA
STC-01,4,ARME,18,L,y,NA,NA,NA,NA
STC-01,4,ARME,18,X,NA,NA,NA,NA,NA
STC-01,8,ARME,41.5,L,n,NA,NA,NA,NA
STC-01,8,ARME,29,L,n,NA,NA,NA,NA
STC-01,8,PSME,31.4,L,n,NA,NA,NA,NA
STC-01,2,ARME,15,L,y,NA,NA,NA,NA
STC-01,6,ARME,12.2,L,y,NA,NA,NA,NA
STC-01,6,ARME,13.8,L,y,NA,NA,NA,NA
STC-01,6,CHCH7,14.3,L,y,NA,NA,NA,NA
STC-01,6,UNKC,204,X,NA,NA,NA,NA,NA
STC-01,7,ARME,16.4,L,y,NA,NA,NA,NA
STC-01,7,ARME,27.8,L,n,NA,NA,NA,NA
STC-01,9,ABCO,16.6,L,n,I,16,1.5,NA
STC-01,9,UNKC,27,X,NA,NA,NA,NA,NA
STC-01,5,NONE,NA,NA,NA,NA,NA,NA,NA
STC-01,1,ARME,13.8,L,y,C,10,1.75,NA
STC-01,1,ARME,14.3,L,y,C,12,1.75,NA
STC-02,3,NONE,NA,NA,NA,NA,NA,NA,NA
STC-02,4,PSME,70,X,NA,NA,NA,NA,NA
STC-02,2,QUCH2,22.5,L,y,NA,NA,NA,NA
STC-02,6,NONE,NA,NA,NA,NA,NA,NA,NA
STC-02,7,NONE,NA,NA,NA,NA,NA,NA,NA
STC-02,8,PSME,118,X,NA,NA,NA,NA,NA
STC-02,1,NONE,NA,NA,NA,NA,NA,NA,NA
STC-02,5,NONE,NA,NA,NA,NA,NA,NA,NA
STC-02,9,NONE,NA,NA,NA,NA,NA,NA,NA
STC-03,4,ARME,20,L,y,NA,NA,NA,NA
STC-03,4,ARME,18,L,y,NA,NA,NA,NA
STC-03,4,ARME,13.5,X,NA,NA,NA,NA,NA
STC-03,2,NONE,NA,NA,NA,NA,NA,NA,NA
STC-03,3,PSME,21.9,X,NA,NA,NA,NA,NA
STC-03,6,NONE,NA,NA,NA,NA,NA,NA,NA
STC-03,7,PSME,128,L,NA,NA,NA,NA,NA
STC-03,8,NONE,NA,NA,NA,NA,NA,NA,NA
STC-03,1,PSME,36.7,X,NA,NA,NA,NA,NA
STC-03,5,NONE,NA,NA,NA,NA,NA,NA,NA
STC-03,9,PSME,18.8,X,NA,NA,NA,NA,NA
STC-03,9,PSME,23.2,X,NA,NA,NA,NA,NA
STC-03,9,ARME,15.9,L,y,D,5.5,1.75,NA
HCS-03,2,PSME,41,L,NA,NA,NA,NA,NA
HCS-03,2,PSME,18.9,L,NA,NA,NA,NA,NA
HCS-03,2,PSME,68.9,L,NA,NA,NA,NA,NA
HCS-03,2,PSME,41.4,L,NA,NA,NA,NA,NA
HCS-03,3,PSME,27.7,L,NA,NA,NA,NA,NA
HCS-03,3,PSME,44.2,L,NA,NA,NA,NA,NA
HCS-03,3,PSME,21.6,L,NA,NA,NA,NA,NA
HCS-03,3,PSME,52.2,L,NA,NA,NA,NA,NA
HCS-03,3,QUCH2,12.8,L,NA,NA,NA,NA,NA
HCS-03,4,PSME,35.8,L,NA,NA,NA,NA,NA
HCS-03,4,PSME,42.9,L,NA,NA,NA,NA,NA
HCS-03,4,QUCH2,12.4,L,NA,NA,NA,NA,NA
HCS-03,4,ARME,18.5,L,NA,NA,NA,NA,NA
HCS-03,6,PSME,50.1,L,NA,NA,NA,NA,NA
HCS-03,6,PSME,36.7,L,NA,NA,NA,NA,NA
HCS-03,7,QUCH2,23,L,NA,NA,NA,NA,NA
HCS-03,7,QUCH2,22.5,L,NA,NA,NA,NA,NA
HCS-03,7,QUCH2,13.2,L,NA,NA,NA,NA,NA
HCS-03,7,QUCH2,14.5,L,NA,NA,NA,NA,NA
HCS-03,7,PSME,36.2,L,NA,NA,NA,NA,NA
HCS-03,7,PSME,38.9,L,NA,NA,NA,NA,NA
HCS-03,8,ARME,26.1,L,NA,NA,NA,NA,NA
HCS-03,8,ARME,31.5,L,NA,NA,NA,NA,NA
HCS-03,8,ARME,21.8,L,NA,NA,NA,NA,NA
HCS-03,8,PSME,38.4,L,NA,NA,NA,NA,NA
HCS-03,8,QUCH2,15.5,L,NA,NA,NA,NA,NA
HCS-03,8,QUCH2,14.2,L,NA,NA,NA,NA,NA
HCS-03,8,QUCH2,18.5,L,NA,NA,NA,NA,NA
HCS-03,1,QUCH2,18.4,X,NA,NA,NA,NA,NA
HCS-03,1,QUCH2,13.5,L,NA,S,7.2,4.5,NA
HCS-03,1,QUCH2,26.4,L,NA,S,16.6,5.8,NA
HCS-03,1,PSME,23.9,X,NA,NA,NA,NA,NA
HCS-03,5,QUCH2,23.7,L,NA,S,11,2.3,NA
HCS-03,5,PSME,41.9,L,NA,C,27.5,10.3,NA
HCS-03,5,ARME,32.5,L,NA,I,21,9.1,NA
HCS-03,5,ARME,39,L,NA,I,16.5,7.5,NA
HCS-03,5,PILA,70,L,NA,D,40,21.1,NA
HCS-03,9,PSME,64.9,L,NA,C,36.1,19.6,NA
HCS-05,4,ABCO,18.4,L,NA,NA,NA,NA,NA
HCS-05,3,ABCO,43.8,L,NA,NA,NA,NA,NA
HCS-05,2,PSME,180,L,NA,NA,NA,NA,NA
HCS-05,8,LIDE3,70.6,L,NA,NA,NA,NA,NA
HCS-05,7,NONE,NA,NA,NA,NA,NA,NA,NA
HCS-05,6,NONE,NA,NA,NA,NA,NA,NA,NA
HCS-05,9,ABCO,20.1,L,NA,S,10.2,3.9,NA
HCS-05,5,ABCO,12,L,NA,C,5.7,1.1,NA
HCS-05,1,ABCO,19.4,L,NA,NA,NA,NA,Height and crown base height were not recorded
HTL-11,7,PSME,49.4,L,NA,NA,NA,NA,NA
HTL-11,7,PSME,26.5,L,NA,NA,NA,NA,NA
HTL-11,7,PSME,31.8,L,NA,NA,NA,NA,NA
HTL-11,7,PSME,51.7,L,NA,NA,NA,NA,NA
HTL-11,7,PSME,21.2,L,NA,NA,NA,NA,NA
HTL-11,8,PSME,30.5,L,NA,NA,NA,NA,NA
HTL-11,8,PSME,27.6,L,NA,NA,NA,NA,NA
HTL-11,8,PSME,33.4,L,NA,NA,NA,NA,NA
HTL-11,8,PSME,20.1,L,NA,NA,NA,NA,NA
HTL-11,8,PSME,21.9,L,NA,NA,NA,NA,NA
HTL-11,4,PSME,36.4,L,NA,NA,NA,NA,NA
HTL-11,4,PSME,50.3,L,NA,NA,NA,NA,NA
HTL-11,4,QUKE,40.8,L,NA,NA,NA,NA,NA
HTL-11,3,NONE,NA,NA,NA,NA,NA,NA,NA
HTL-11,2,QUKE,23.1,L,NA,NA,NA,NA,NA
HTL-11,2,QUKE,16.8,L,NA,NA,NA,NA,NA
HTL-11,2,ARME,38.7,L,NA,NA,NA,NA,NA
HTL-11,2,ARME,25.1,L,NA,NA,NA,NA,NA
HTL-11,2,ARME,21.2,X,NA,NA,NA,NA,NA
HTL-11,6,PSME,16.2,X,NA,NA,NA,NA,NA
HTL-11,6,PSME,39.4,L,NA,NA,NA,NA,NA
HTL-11,6,PSME,27,L,NA,NA,NA,NA,NA
HTL-11,6,PSME,29.2,L,NA,NA,NA,NA,NA
HTL-11,6,QUKE,25.1,L,NA,NA,NA,NA,NA
HTL-11,1,QUKE,19.1,L,NA,I,6.3,3.8,NA
HTL-11,1,QUKE,23.7,L,NA,I,7.5,4.2,NA
HTL-11,5,ARME,34.3,L,NA,C,16.2,6.9,NA
HTL-11,5,ARME,35.9,L,NA,C,10,7.5,NA
HTL-11,5,PSME,20,L,NA,I,15.1,7.3,NA
HTL-11,5,PSME,36.5,L,NA,D,24.7,18.6,NA
HTL-11,5,PSME,36.6,L,NA,D,23.9,18.2,NA
HTL-11,5,PSME,16.7,L,NA,S,9.3,6.4,NA
HTL-11,5,PSME,27.8,L,NA,C,21.3,10.6,NA
HTL-11,5,PSME,30.7,L,NA,D,23.1,17.7,NA
HTL-11,5,PSME,25.6,L,NA,C,21.5,14,NA
HTL-11,9,PSME,27.5,L,NA,D,24.8,17.1,NA
HTL-11,9,PSME,18.1,X,NA,NA,NA,NA,NA
HTL-11,9,PSME,38.1,L,NA,D,26,13,NA
HTL-11,9,PSME,20.2,L,NA,I,14.7,8.2,NA
HTL-11,9,PSME,19.7,X,NA,NA,NA,NA,NA
HTL-13,7,PSME,66.7,L,NA,NA,NA,NA,NA
HTL-13,7,PSME,38.5,X,NA,NA,NA,NA,NA
HTL-13,7,PSME,27.4,X,NA,NA,NA,NA,NA
HTL-13,7,PSME,21.8,X,NA,NA,NA,NA,NA
HTL-13,7,PSME,61.2,L,NA,NA,NA,NA,NA
HTL-13,7,PSME,64.7,L,NA,NA,NA,NA,NA
HTL-13,6,PSME,104.6,L,NA,NA,NA,NA,NA
HTL-13,8,PSME,51.7,L,NA,NA,NA,NA,NA
HTL-13,4,PSME,61.2,L,NA,NA,NA,NA,NA
HTL-13,4,PSME,79.8,L,NA,NA,NA,NA,NA
HTL-13,3,NONE,NA,NA,NA,NA,NA,NA,NA
HTL-13,2,NONE,NA,NA,NA,NA,NA,NA,NA
HTL-13,1,NONE,NA,NA,NA,NA,NA,NA,NA
HTL-13,5,PSME,79.8,L,NA,D,49.8,18.6,NA
HTL-13,5,PSME,60,X,NA,NA,NA,NA,NA
HTL-13,9,PSME,99.6,L,NA,D,50.2,20.3,NA