Plot,Subplot,Species,DBH,Class,Height,CBH,Notes
Bear-01,2,PSME,6.2,D,3.75,0.75,NA
Bear-01,2,UMCA,2.4,C,1.75,0.5,NA
Bear-01,2,UMCA,1.7,C,2.2,0.5,NA
Bear-01,2,LIDE3,2.7,D,3,0.5,NA
Bear-01,2,LIDE3,3.7,D,3.25,0.25,NA
Bear-01,2,LIDE3,2.3,C,2.5,0.5,NA
Bear-01,2,LIDE3,1.7,D,2.5,0.5,NA
Bear-01,7,PSME,2.1,D,2.25,0.25,NA
Bear-01,7,PSME,3.3,D,3,0.5,NA
Bear-01,7,LIDE3,3.9,D,3,0,NA
Bear-01,7,LIDE3,2.2,D,2.5,0,NA
Bear-01,7,LIDE3,4.6,D,3,0.25,NA
Bear-01,7,LIDE3,2.6,C,2.25,0.25,NA
Bear-01,7,LIDE3,3.2,S,2.5,0.5,NA
Bear-01,7,LIDE3,3.7,D,2.75,0.25,NA
Bear-01,7,LIDE3,3.4,D,2.75,0.25,NA
Bear-01,7,LIDE3,2.7,D,2.25,0,NA
Bear-01,4,LIDE3,2.4,C,2.75,0.75,NA
Bear-01,4,LIDE3,5.6,D,4,1,NA
Bear-01,4,LIDE3,1.9,C,2.5,1.25,NA
Bear-01,4,LIDE3,1.7,I,2.25,1,NA
Bear-01,4,LIDE3,1.8,I,1.75,1,NA
Bear-01,4,LIDE3,2,C,2.5,1.25,NA
Bear-01,4,LIDE3,6.4,D,4.5,1.25,NA
Bear-01,4,LIDE3,2,C,3.75,1,NA
Bear-01,4,LIDE3,2.4,C,2.5,1,NA
Bear-01,4,LIDE3,7.2,D,5.25,1.25,NA
Bear-01,4,LIDE3,1.8,I,1.75,1,NA
Bear-01,4,LIDE3,1.9,C,2.5,1,NA
Bear-01,4,LIDE3,7.6,D,5,1.25,NA
Bear-01,4,LIDE3,1.6,I,2.25,1.25,NA
Bear-01,4,LIDE3,3.4,C,3,0.75,NA
Bear-01,4,LIDE3,6.6,D,4,1.25,NA
Bear-01,4,LIDE3,5,C,3,0.75,NA
Bear-01,4,LIDE3,5.7,D,3.5,0.75,NA
Bear-01,4,LIDE3,6.9,D,5.25,1.5,NA
Bear-01,4,LIDE3,4.9,C,3.5,1,NA
Bear-01,4,LIDE3,2.9,I,2.25,0.5,NA
Bear-01,4,LIDE3,3.4,I,2.75,0.5,NA
Bear-01,4,LIDE3,3.9,D,4.5,1,NA
Bear-01,4,PSME,2.2,I,3,0.75,NA
Bear-01,4,PSME,1.9,I,2.25,0.5,NA
Bear-01,4,PSME,3.5,D,3,0.75,NA
Bear-01,4,PSME,2.8,I,2.25,0.75,NA
Bear-01,4,PSME,4.6,D,3.5,1,NA
Bear-01,4,PSME,2.4,I,2.25,0.75,NA
Blue-01,2,LIDE3,7.6,X,NA,NA,NA
Blue-01,2,LIDE3,7.6,X,NA,NA,NA
Blue-01,2,LIDE3,2.9,X,NA,NA,NA
Blue-01,2,LIDE3,2.5,D,3,0,NA
Blue-01,2,LIDE3,2.9,D,3.25,0,NA
Blue-01,2,LIDE3,2.8,D,3.25,0,NA
Blue-01,2,LIDE3,3.1,D,3.25,0,NA
Blue-01,2,LIDE3,2.7,C,3,0,NA
Blue-01,2,LIDE3,2.1,C,2.25,0,NA
Blue-01,4,LIDE3,3,D,2.75,0,NA
Blue-01,4,LIDE3,1.9,C,2.25,0,NA
Blue-01,4,LIDE3,3,D,2.75,0,NA
Blue-01,4,LIDE3,11.2,X,NA,NA,NA
Blue-01,4,LIDE3,7.3,X,NA,NA,NA
Blue-01,4,LIDE3,2,C,2.5,0,NA
Blue-01,4,LIDE3,2.3,D,2.5,0.5,NA
Blue-01,4,LIDE3,2,X,NA,NA,NA
Blue-01,7,LIDE3,1.5,D,2.25,0,NA
Blue-01,7,LIDE3,10.1,X,NA,NA,NA
Blue-01,7,LIDE3,1.8,D,2.5,0.25,NA
Blue-01,7,LIDE3,1.9,D,2.75,0,NA
Blue-01,7,LIDE3,2.1,D,2.5,0.75,NA
Blue-01,7,LIDE3,2.5,D,3,1,NA
Blue-02,2,QUCH2,6.9,X,NA,NA,NA
Blue-02,4,ARME,3,D,2.5,0.75,NA
Blue-02,4,ARME,4.5,D,3.5,0.75,NA
Blue-02,4,LIDE3,3.5,D,3.25,0.75,NA
Blue-02,4,LIDE3,4.3,D,3.75,0.75,NA
Blue-02,4,LIDE3,2.7,C,3.5,0.75,NA
Blue-02,4,LIDE3,3.6,D,3.75,0.5,NA
Blue-02,4,LIDE3,2.8,D,2.75,0.5,NA
Blue-02,4,LIDE3,3,D,3,0.5,NA
Blue-02,4,LIDE3,2.7,C,2.5,0.5,NA
Blue-02,7,ARME,2,D,2.25,0.25,NA
Blue-02,7,PSME,9.6,X,NA,NA,NA
Blue-02,7,PSME,9.5,X,NA,NA,NA
Blue-02,7,PSME,11.3,X,NA,NA,NA
LG-01,4,PSME,7.9,X,NA,NA,NA
LG-01,4,QUCH2,11.9,X,NA,NA,NA
LG-01,2,ARME,6.2,C,4,1.5,NA
LG-01,2,ARME,1.5,I,2.7,1.6,NA
LG-01,2,ARME,5.3,D,3.9,1.7,NA
LG-01,2,ARME,7.6,D,5,1.2,NA
LG-01,2,ARME,1.7,I,2.7,1.5,NA
LG-01,2,ARME,1.8,I,2.4,1,NA
LG-01,2,ARME,3.2,C,4,2,NA
LG-01,2,ARME,4.2,C,2.9,1.6,NA
LG-01,2,ARME,4.5,C,3.1,1.3,NA
LG-01,2,ARME,3.3,C,3.9,1.2,NA
LG-01,2,ARME,1.6,I,2.3,1.2,NA
LG-01,7,NONE,NA,NA,NA,NA,NA
HCS-01,2,ABCO,2.3,C,2.75,0,NA
HCS-01,2,ABCO,2.5,I,2,0.25,NA
HCS-01,2,ABCO,2.2,C,2.25,0,NA
HCS-01,2,ABCO,2.9,C,2.5,0,NA
HCS-01,2,ABCO,3.1,C,2.75,0.25,NA
HCS-01,2,ABCO,3.3,C,3,0.25,NA
HCS-01,2,ABCO,3.6,C,2.75,0.5,NA
HCS-01,2,ABCO,1.8,I,2,0.25,NA
HCS-01,2,ABCO,2.3,C,2.5,0,NA
HCS-01,2,ABCO,2.5,I,2.5,0,NA
HCS-01,2,ABCO,4.5,C,3.25,0.25,NA
HCS-01,2,ABCO,3.6,I,3,0,NA
HCS-01,2,ABCO,5,D,3.5,0.25,NA
HCS-01,2,ABCO,4.7,C,3.5,0.25,NA
HCS-01,2,ABCO,1.5,I,1.75,0.25,NA
HCS-01,2,ABCO,2.2,I,2,0.75,NA
HCS-01,2,ABCO,2,I,2.25,0.5,NA
HCS-01,2,PSME,4.2,C,3,1,NA
HCS-01,2,PSME,1.7,I,2.25,0.5,NA
HCS-01,2,PSME,5.4,D,4.75,0.25,NA
HCS-01,2,PSME,7.3,C,4,0.5,NA
HCS-01,2,PSME,6.6,D,4,0.25,NA
HCS-01,2,ARME,1.7,I,2,0,NA
HCS-01,7,ABCO,2.8,D,2.75,0.25,NA
HCS-01,7,ABCO,3.1,D,2.75,0.25,NA
HCS-01,7,ABCO,3.1,C,2.5,0.5,NA
HCS-01,7,ABCO,1.7,I,1.75,0.5,NA
HCS-01,7,ABCO,1.7,I,2,0.5,NA
HCS-01,7,ABCO,1.5,I,1.75,0.5,NA
HCS-01,7,ABCO,2.1,C,2.25,0.25,NA
HCS-01,7,ABCO,2.4,C,2.5,0.25,NA
HCS-01,7,ABCO,1.7,I,2,0.25,NA
HCS-01,7,ABCO,2.1,C,2.25,0.75,NA
HCS-01,7,ABCO,2,I,2.25,0.75,NA
HCS-01,7,ABCO,2.6,C,2.25,0.5,NA
HCS-01,7,ABCO,1.8,I,1.75,0.5,NA
HCS-01,7,ABCO,1.8,I,2,0.5,NA
HCS-01,7,ABCO,3.1,I,1.5,0.5,NA
HCS-01,7,ABCO,3.8,D,3,0.75,NA
HCS-01,7,ABCO,3.2,C,2.5,0.5,NA
HCS-01,7,ABCO,1.8,I,2.25,0.75,NA
HCS-01,7,ABCO,1.7,C,2.25,0.5,NA
HCS-01,7,ABCO,1.5,I,1.75,0.75,NA
HCS-01,7,ABCO,2,I,2,0.5,NA
HCS-01,7,ABCO,2.5,I,2.25,0.5,NA
HCS-01,7,PSME,1.7,C,2.5,0.5,NA
HCS-01,7,PSME,3.9,D,3.25,0.25,NA
HCS-01,7,PSME,3.2,D,3.25,0.75,NA
HCS-01,7,PSME,2.7,C,2.75,0.75,NA
HCS-01,7,PSME,6.4,D,4.5,0.5,NA
HCS-01,7,PSME,3.6,D,3.25,0.5,NA
HCS-01,4,ABCO,2.6,C,2.25,0.5,NA
HCS-01,4,ABCO,2.6,C,2.25,0.5,NA
HCS-01,4,ABCO,3.3,C,3,0.5,NA
HCS-01,4,ABCO,2.5,C,2.25,0.5,NA
HCS-01,4,ABCO,3.1,C,2.5,0.75,NA
HCS-01,4,ABCO,1.8,C,2,0.5,NA
HCS-01,4,ABCO,1.8,C,2,0.25,NA
HCS-01,4,ABCO,1.6,C,1.75,0.5,NA
HCS-01,4,ABCO,1.8,C,2,0.5,NA
HCS-01,4,ABCO,2.7,C,2.25,0.25,NA
HCS-01,4,ABCO,1.2,C,1.75,0.5,NA
HCS-01,4,ABCO,3.2,C,2.25,0.5,NA
HCS-01,4,ABCO,1.5,C,1.75,0.25,NA
HCS-01,4,ABCO,2.2,C,2.25,0.5,NA
HCS-01,4,ABCO,2.7,C,2.5,0.75,NA
HCS-01,4,ABCO,1.6,C,2.25,0.5,NA
HCS-01,4,ABCO,2.2,C,2,0.5,NA
HCS-01,4,ABCO,2.4,C,2.25,0.75,NA
HCS-01,4,ABCO,3.2,C,2.5,0.25,NA
HCS-01,4,ABCO,3.3,C,2.75,2.5,NA
HCS-01,4,ABCO,2.6,C,2.5,0.5,NA
HCS-01,4,ABCO,1.7,C,2,0.25,NA
HCS-01,4,ABCO,3.1,C,1.75,0.25,NA
HCS-01,4,ABCO,1.4,C,2,0.75,NA
HCS-01,4,ABCO,1.8,C,1.75,0.25,NA
HCS-01,4,ABCO,2.3,C,2.25,0.5,NA
HCS-01,4,ABCO,1.4,C,1.75,0.25,NA
HCS-01,4,ABCO,1.6,C,1.75,0.25,NA
HCS-01,4,ABCO,3.6,C,3,0.5,NA
HCS-01,4,ABCO,2.4,C,2.5,0.75,NA
HCS-01,4,ABCO,2.7,C,2.5,0.5,NA
HCS-01,4,ABCO,1.8,I,1.75,0.75,NA
HCS-01,4,ABCO,2.7,D,3,0.5,NA
HCS-01,4,ABCO,2.5,C,2.25,0.25,NA
HCS-01,4,ABCO,1.6,C,2,0.5,NA
HCS-01,4,ABCO,1.5,C,1.75,0.25,NA
HCS-01,4,ABCO,1.6,C,1.75,0.25,NA
HCS-01,4,ABCO,1.5,C,2,0.5,NA
HCS-01,4,ABCO,2.5,C,3,0.5,NA
HCS-01,4,ABCO,1.7,C,2,0.5,NA
HCS-01,4,ABCO,1.9,C,1.75,0.5,NA
HCS-01,4,ABCO,1.8,C,2,0.5,NA
HCS-01,4,ABCO,1.8,C,2,0.75,NA
HCS-01,4,ABCO,2.2,C,2,0.5,NA
HCS-01,4,ABCO,3,C,3,0.25,NA
HCS-01,4,ABCO,2.3,C,2.25,0.75,NA
HCS-01,4,ABCO,2,C,2,0.5,NA
HCS-01,4,ABCO,4,C,3.5,0.25,NA
HCS-01,4,ABCO,1.5,C,2.5,0.5,NA
HCS-01,4,ABCO,1.5,C,1.75,0.75,NA
HCS-01,4,ABCO,1.9,C,1.25,0.5,NA
HCS-01,4,ABCO,1.8,C,2.25,0.5,NA
HCS-01,4,ABCO,2.7,C,2.25,0.25,NA
HCS-01,4,ABCO,2.2,C,2.25,1,NA
HCS-01,4,ABCO,1.7,C,2,0.5,NA
HCS-01,4,ABCO,3.3,C,2.5,0.5,NA
HCS-01,4,ABCO,2.4,C,2.25,0.5,NA
HCS-01,4,ABCO,1.8,C,2,0.5,NA
HCS-01,4,ABCO,1.8,C,2,0.75,NA
HCS-01,4,ABCO,1.5,C,2,0.5,NA
HCS-01,4,ABCO,2.1,C,2.25,0.75,NA
HCS-01,4,ABCO,1.6,C,2,0.75,NA
HCS-01,4,ABCO,1.8,C,2,0.5,NA
HCS-01,4,ABCO,2.6,C,2.25,0.5,NA
HCS-01,4,ABCO,2.2,C,2.25,0.5,NA
HCS-01,4,ABCO,3.1,C,2.5,0.5,NA
HCS-01,4,ABCO,2.9,C,2.25,0.5,NA
HCS-01,4,ABCO,2.4,C,2.25,0.5,NA
HCS-01,4,ABCO,1.7,C,1.75,0.5,NA
HCS-01,4,ABCO,1.7,C,1.75,0.5,NA
HCS-01,4,ABCO,1.5,C,1.5,0.5,NA
HCS-01,4,ABCO,1.8,C,2.25,0.75,NA
HCS-01,4,ABCO,3.5,C,2.5,0.5,NA
HCS-01,4,ABCO,1.6,C,1.5,0.75,NA
HCS-01,4,ABCO,2.1,C,2.25,0.75,NA
HCS-01,4,ABCO,1.9,C,2,0.75,NA
HCS-01,4,ABCO,1.5,C,2,0.5,NA
HCS-01,4,ABCO,2.1,C,2.25,0.75,NA
HCS-01,4,PSME,5.4,D,3.25,0.25,NA
HCS-01,4,PSME,2,C,2.25,0.75,NA
HCS-01,4,PSME,3.7,D,3,0.75,NA
HCS-01,4,PSME,4.1,D,3,0.5,NA
HCS-01,4,PSME,2.5,C,2.75,0.5,NA
HCS-01,4,PSME,3.2,C,3.25,0.5,NA
HCS-01,4,PSME,2.8,C,2.5,0.75,NA
HCS-01,4,PSME,2.9,C,2.75,0.5,NA
HCS-01,4,PSME,2.9,D,3,0.5,NA
HCS-01,4,PSME,1.5,C,1.25,0.75,NA
HCS-01,4,PSME,1.5,C,2,0.75,NA
HCS-01,4,PSME,3.9,C,2.75,0.75,NA
HCS-01,4,PSME,3,C,2.5,0.5,NA
STN-01,2,NONE,NA,NA,NA,NA,NA
STN-01,4,QUCH2,2.3,D,2.25,1.75,NA
STN-01,4,QUCH2,2.3,I,2.25,1,NA
STN-01,4,QUCH2,2.7,S,1.75,0.5,NA
STN-01,4,QUCH2,2.7,I,2.25,1,NA
STN-01,4,QUCH2,2.3,I,2.25,1.25,NA
STN-01,4,QUCH2,3.1,C,2.5,1,NA
STN-01,4,QUCH2,1.8,I,2,1.5,NA
STN-01,4,QUCH2,3.5,C,3,1.25,NA
STN-01,4,QUCH2,1.9,C,2.25,1,NA
STN-01,4,QUCH2,2.5,I,2.25,1,NA
STN-01,4,QUCH2,1.6,I,2.25,1,NA
STN-01,4,QUCH2,2.3,C,2.5,0.75,NA
STN-01,4,QUCH2,2.8,I,2.25,1,NA
STN-01,4,QUCH2,1.5,I,2.25,1.25,NA
STN-01,4,QUCH2,3.3,C,2.5,1,NA
STN-01,4,QUCH2,2.3,I,2.25,1.5,NA
STN-01,4,QUCH2,2.1,C,2,1.5,NA
STN-01,4,QUCH2,3.6,D,2.5,1,NA
STN-01,4,QUCH2,1.5,S,1.75,0.5,NA
STN-01,4,QUCH2,1.8,I,2.25,1,NA
STN-01,4,QUCH2,2.7,S,2.25,1,NA
STN-01,4,QUCH2,2.6,I,2.25,1,NA
STN-01,4,QUCH2,2,S,1.75,1.25,NA
STN-01,4,QUCH2,2.1,C,2.5,1.5,NA
STN-01,4,QUCH2,2,I,2.5,1.5,NA
STN-01,4,QUCH2,1.6,I,2.25,1.5,NA
STN-01,7,QUCH2,2.8,D,2.5,0.5,NA
STN-01,7,QUCH2,3,C,2.5,1.25,NA
STN-01,7,QUCH2,4,C,2.25,1,NA
STN-01,7,QUCH2,2.5,C,2,1,NA
STN-01,7,QUCH2,4,C,3.25,1,NA
STN-01,7,QUCH2,1.8,C,2.5,1,NA
STN-01,7,QUCH2,3,C,2.75,1.5,NA
STN-01,7,QUCH2,5,C,3.75,1.25,NA
PAN-01,2,ARME,2.5,S,1.75,0.75,NA
PAN-01,2,ARME,4.8,C,3.25,1.25,NA
PAN-01,2,ARME,3.6,I,2.5,1,NA
PAN-01,2,ARME,4.2,C,3.25,1,NA
PAN-01,2,ARME,1.7,C,2.25,0.75,NA
PAN-01,2,ARME,1.9,I,2.75,0.75,NA
PAN-01,2,ARME,3.9,C,3.25,1,NA
PAN-01,2,ARME,3.6,C,2.25,0.25,NA
PAN-01,4,ARME,3.4,I,3,1,NA
PAN-01,4,ARME,4.5,C,3.25,1.5,NA
PAN-01,4,ARME,2,I,1.75,0.5,NA
PAN-01,4,ARME,2.4,I,2,1,NA
PAN-01,4,ARME,2.5,I,2.5,1.5,NA
PAN-01,4,ARME,3.1,C,2.5,1,NA
PAN-01,4,ARME,2.1,I,2.25,1.25,NA
PAN-01,4,ARME,2.1,C,2.25,1.25,NA
PAN-01,4,ARME,2.5,I,2.5,1.5,NA
PAN-01,4,ARME,1.7,S,1,0.75,NA
PAN-01,4,ARME,2.1,C,2.75,0.75,NA
PAN-01,4,ARME,3.4,C,2.5,1.25,NA
PAN-01,4,ARME,5,D,3.25,1.75,NA
PAN-01,4,ARME,2.2,C,2.5,1.5,NA
PAN-01,4,ARME,2.4,S,2,1.25,NA
PAN-01,4,ARME,2.8,I,1.75,1,NA
PAN-01,4,ARME,3.9,C,2.5,1,NA
PAN-01,4,ARME,1.6,S,1.75,0.25,NA
PAN-01,4,ARME,3.6,D,3,1,NA
PAN-01,4,ARME,2.7,C,2.5,1.5,NA
PAN-01,4,ARME,2,C,2.25,1.5,NA
PAN-01,4,ARME,1.1,I,2.25,1.25,"DBH is too small to be recorded under small trees, recorded as 1.1 on the data sheet"
PAN-01,7,ARME,3.5,D,3,1,NA
PAN-01,7,ARME,2.3,I,2.25,0.75,NA
PAN-01,7,ARME,1.5,S,2,1.25,NA
PAN-01,7,QUKE,2.6,D,3.5,1.25,NA
KT-01,2,PSME,8,I,6.25,0.5,NA
KT-01,2,SALIX,2.5,S,3.5,2.25,NA
KT-01,2,QUCH2,7.8,I,4.25,0.5,NA
KT-01,2,PIAT,5.3,I,3.75,1.25,NA
KT-01,2,QUCH2,5.9,S,4,0.5,NA
KT-01,2,QUCH2,4.6,i,3.5,0.5,NA
KT-01,2,QUCH2,7.2,C,5.25,0.25,NA
KT-01,4,QUCH2,4.7,S,5,0.75,NA
KT-01,4,SALIX,1.9,S,3,1.75,NA
KT-01,4,PSME,1.8,S,2.5,0.5,NA
KT-01,4,ARME,4.2,S,3,1.75,NA
KT-01,4,QUCH2,10.5,C,8.25,1.5,NA
KT-01,4,SALIX,4.6,C,5.75,3,NA
KT-01,4,ABCO,1.7,S,2.25,0.75,NA
KT-01,4,PIPO,2.5,S,3,2.75,NA
KT-01,4,QUCH2,6.5,S,4.75,2.75,NA
KT-01,4,SALIX,2.8,S,4.5,2.75,NA
KT-01,4,PSME,6.8,I,5.25,1.75,NA
KT-01,4,QUCH2,4.1,S,4,1.75,NA
KT-01,4,PIPO,11.1,C,7.25,3,NA
KT-01,4,QUCH2,2.8,S,2.25,0.75,NA
KT-01,4,SALIX,3,S,3,2.5,NA
KT-01,4,QUCH2,9.5,C,4.75,1.25,NA
KT-01,7,PIPO,9.5,D,4.75,1,NA
KT-01,7,PIPO,5.3,S,3,1.75,NA
STN-03,2,LIDE3,3.3,C,2.5,0.75,NA
STN-03,2,PSME,1.6,D,2.25,0.25,NA
STN-03,2,LIDE3,3.6,I,3.5,1,NA
STN-03,2,LIDE3,3.7,C,3.75,0.75,NA
STN-03,2,LIDE3,2.1,C,4,1.25,NA
STN-03,4,LIDE3,5.1,C,5.5,0.75,NA
STN-03,4,LIDE3,2.3,I,3.25,1,NA
STN-03,4,LIDE3,3.7,C,3.25,1.25,NA
STN-03,4,LIDE3,1.5,I,2.25,0.25,NA
STN-03,4,LIDE3,5.6,D,5.75,1,NA
STN-03,4,LIDE3,1.7,D,3.75,3.25,NA
STN-03,4,LIDE3,2.7,C,3,1.25,NA
STN-03,4,LIDE3,5.1,C,4.25,1.5,NA
STN-03,7,LIDE3,2.5,D,3,1,NA
STN-03,7,LIDE3,3.8,C,3.5,1.5,NA
STN-03,7,LIDE3,5.3,D,4,0.75,NA
STN-03,7,CONU4,3.4,D,3.75,1.25,NA
STN-03,7,LIDE3,1.8,C,2.25,1,NA
STN-03,7,LIDE3,2.4,I,2.5,0.75,NA
STN-03,7,LIDE3,1.5,D,2.25,0.5,NA
STN-03,7,LIDE3,2,C,3.75,1.25,NA
STN-03,7,LIDE3,1.9,S,1.5,1,NA
STN-03,7,CONU4,2.9,C,3.25,0.75,NA
STN-03,7,LIDE3,2.7,C,3.25,0.75,NA
STN-03,7,LIDE3,1.6,S,2,0.5,NA
STN-03,7,LIDE3,4,D,3.25,0.75,NA
STN-03,7,LIDE3,3.8,C,3.25,1.25,NA
STN-03,7,LIDE3,2.1,C,2.75,0.75,NA
STN-03,7,LIDE3,2.1,D,3.5,1,NA
PAN-03,2,NONE,NA,NA,NA,NA,NA
PAN-03,4,CONU4,7.3,X,NA,NA,NA
PAN-03,4,PSME,5.8,X,NA,NA,NA
PAN-03,4,CONU4,1.6,D,2.75,1,NA
PAN-03,4,PSME,2.8,X,NA,NA,NA
PAN-03,7,CONU4,2.2,C,3,1,NA
PAN-03,7,CONU4,2.1,C,3,1.5,NA
PAN-03,7,PSME,3,X,NA,NA,NA
PAN-03,7,SALIX,1.6,C,3,1.75,NA
PAN-03,7,CONU4,1.6,NA,NA,NA,"Class, height, and CBH were not recorded"
PAN-03,7,CONU4,2.7,C,3.25,1.25,NA
PAN-03,7,CONU4,11.9,X,NA,NA,NA
PAN-03,7,SALIX,2.1,C,3.25,2,NA
PAN-03,7,CONU4,1.7,C,3.5,1.5,NA
PAN-02,2,PSME,5.5,X,NA,NA,NA
PAN-02,2,PSME,9,X,NA,NA,NA
PAN-02,4,CHCH7,1.8,C,2,0.75,NA
PAN-02,4,PSME,6.7,X,NA,NA,NA
PAN-02,4,UNK,6.2,X,NA,NA,NA
PAN-02,4,PSME,3.9,X,NA,NA,NA
PAN-02,7,QUKE,4.7,C,3.75,1.75,NA
PAN-02,7,QUKE,3,C,2.75,1.25,NA
PAN-02,7,PSME,6.1,X,NA,NA,NA
PAN-02,7,ACMA3,2.4,I,3.5,1.25,NA
PAN-02,7,ACMA3,3.5,C,4,3.25,NA
PAN-02,7,ARME,1.9,I,2.5,2,NA
PAN-02,7,ARME,1.8,C,2.5,1.5,NA
PAN-02,7,ARME,1.8,I,2.25,1.5,NA
PAN-02,7,QUKE,3.8,C,3.75,2,NA
PAN-02,7,QUKE,2.4,C,2.75,1.5,NA
PAN-02,7,ACMA3,2.4,C,4,2.5,NA
PAN-02,7,ACMA3,1.7,I,2.75,1.75,NA
PAN-02,7,ARME,2.4,I,2.5,1.75,NA
PAN-02,7,ARME,2,C,2.25,1.5,NA
PAN-02,7,ARME,2.9,I,2.5,1.5,NA
PAN-02,7,QUKE,1.6,I,2.75,2.25,NA
PAN-02,7,ACMA3,2.9,C,3.75,2,NA
PAN-02,7,ACMA3,3.9,D,5.75,2,NA
PAN-02,7,ARME,2.4,I,2.5,2,NA
PAN-02,7,ARME,2.4,C,2.5,1.75,NA
PAN-02,7,ARME,1.5,I,2,1,NA
BBM-01,2,ARME,1.5,I,2.25,0.5,NA
BBM-01,2,QUCH2,2.1,I,2.5,0.75,NA
BBM-01,4,QUCH2,2.4,D,3.25,0.25,NA
BBM-01,7,QUCH2,3.7,C,3.5,0.5,NA
BBM-01,7,QUCH2,3.7,C,4.5,1.5,NA
BBM-01,7,QUCH2,2.5,I,3.25,1.25,NA
BBM-01,7,QUCH2,4.4,C,3,1.5,NA
BBM-01,7,QUCH2,3.3,C,3.5,1.25,NA
BBM-01,7,QUCH2,3.3,C,3.75,1,NA
BBM-01,7,QUCH2,3.5,C,4.25,1.75,NA
BBM-01,7,QUCH2,6.1,C,6,1,NA
BBM-01,7,QUCH2,6,C,4.5,1.25,NA
BBM-01,7,QUCH2,6,C,4.5,1.5,NA
BBM-01,7,QUCH2,1.8,C,3.5,0.5,NA
BBM-01,7,QUCH2,3.7,C,4,1.5,NA
BBM-01,7,QUCH2,3.8,C,5,1.5,NA
BBM-01,7,QUCH2,4.3,C,4,1.25,NA
IAE-01,2,NONE,NA,NA,NA,NA,NA
IAE-01,4,NONE,NA,NA,NA,NA,NA
IAE-01,7,QUKE,3,D,3,1.5,NA
IAE-01,7,QUKE,3.4,C,4.25,1.5,NA
IAE-01,7,QUKE,2.6,I,3.25,1.5,NA
IAE-01,7,QUKE,2.7,I,3,1.25,NA
IAE-02,2,NONE,NA,NA,NA,NA,NA
IAE-02,4,NONE,NA,NA,NA,NA,NA
IAE-02,7,NONE,NA,NA,NA,NA,NA
BBM-02,2,QUCH2,5.3,C,4.75,1.25,NA
BBM-02,2,QUCH2,3.4,C,3.5,1,NA
BBM-02,2,QUCH2,4.2,C,3.75,1.25,NA
BBM-02,2,QUCH2,3,C,3.25,1.25,NA
BBM-02,2,QUCH2,1.6,I,2.75,1,NA
BBM-02,2,QUCH2,4.7,C,3.5,0.75,NA
BBM-02,2,PSME,1.6,S,2.25,0.25,NA
BBM-02,2,QUKE,6.9,D,5.75,2,NA
BBM-02,2,QUCH2,2,S,3,1.5,NA
BBM-02,2,QUCH2,6.2,C,5,0.75,NA
BBM-02,2,QUCH2,4.8,C,3.5,1.25,NA
BBM-02,2,QUCH2,2.9,I,3.25,1,NA
BBM-02,2,QUCH2,2.6,I,3.25,1.5,NA
BBM-02,2,QUCH2,3.8,C,3.75,1.5,NA
BBM-02,2,QUCH2,1.8,I,3.25,1.5,NA
BBM-02,2,QUKE,4.3,D,5.75,2,NA
BBM-02,2,QUCH2,3.7,I,2.75,1,NA
BBM-02,2,QUCH2,6,C,4.75,1.25,NA
BBM-02,2,QUCH2,3.5,I,3.75,1.25,NA
BBM-02,2,QUCH2,2.9,C,3.5,1.5,NA
BBM-02,2,QUCH2,1.5,I,2.5,1.25,NA
BBM-02,2,QUCH2,2.5,I,3.25,1,NA
BBM-02,2,QUCH2,2.5,I,3.25,0.5,NA
BBM-02,4,QUCH2,2.1,C,2.25,0.25,NA
BBM-02,4,QUCH2,3.7,D,4.5,1.25,NA
BBM-02,4,QUCH2,3,I,4,1,NA
BBM-02,4,QUCH2,1.8,C,2.5,0.5,NA
BBM-02,4,QUCH2,2.9,I,3.75,1.5,NA
BBM-02,4,QUCH2,1.9,I,3.25,1,NA
BBM-02,4,QUCH2,1.9,C,2.25,0.5,NA
BBM-02,4,QUCH2,3,I,4.25,2,NA
BBM-02,4,QUCH2,2.1,I,3.5,1,NA
BBM-02,4,QUCH2,1.7,C,2.5,0.5,NA
BBM-02,7,PIPO,4.4,D,2.75,1,NA
BBM-02,7,QUCH2,1.6,I,2.25,0.25,NA
BBM-02,7,QUCH2,7.5,C,4.75,1,NA
BBM-02,7,QUCH2,8.1,C,6,1.75,NA
BBM-02,7,QUCH2,6.6,C,6,1.5,NA
BBM-02,7,QUCH2,8.4,C,5.5,1,NA
BBM-02,7,ARME,1.9,I,2.25,0.75,NA
BBM-02,7,QUCH2,2.2,C,2.5,0.25,NA
BBM-02,7,QUCH2,4.4,I,4.25,1.5,NA
BBM-02,7,QUCH2,4,I,5.25,1.75,NA
BBM-02,7,QUCH2,2,S,2.5,0.75,NA
BBM-02,7,QUCH2,1.5,I,2.25,0.5,NA
BBM-02,7,QUCH2,8,C,6,1.5,NA
BBM-02,7,QUCH2,9.1,C,5.5,1.75,NA
BBM-02,7,QUCH2,6.8,I,5,0.75,NA
BBM-03,2,LIDE3,3.7,D,2.5,1,NA
BBM-03,2,LIDE3,3.4,C,2.5,1,NA
BBM-03,2,LIDE3,2,I,2.5,1,NA
BBM-03,2,LIDE3,4,D,2.5,2,NA
BBM-03,2,LIDE3,1.9,C,2.25,1,NA
BBM-03,2,LIDE3,1.7,C,2.25,0.75,NA
BBM-03,2,LIDE3,2.2,I,2.5,0.75,NA
BBM-03,4,PSME,1.7,S,2,0.75,NA
BBM-03,4,LIDE3,3.9,I,2.5,1,NA
BBM-03,4,LIDE3,2.5,S,2.5,1.25,NA
BBM-03,4,LIDE3,2.1,I,2.5,1,NA
BBM-03,4,LIDE3,2.8,C,2.25,0.5,NA
BBM-03,4,LIDE3,1.9,C,2,0.75,NA
BBM-03,4,LIDE3,2.5,I,2,0.5,NA
BBM-03,4,LIDE3,3.2,S,2.25,1,NA
BBM-03,4,LIDE3,3.2,I,2.75,1.75,NA
BBM-03,4,LIDE3,2.3,C,2.25,1,NA
BBM-03,4,LIDE3,3.3,S,3,1,NA
BBM-03,4,LIDE3,2.7,S,2.5,1,NA
BBM-03,4,LIDE3,3.3,C,2.75,1,NA
BBM-03,4,LIDE3,2.8,I,2.75,1,NA
BBM-03,4,LIDE3,2.2,C,2.25,0.75,NA
BBM-03,7,LIDE3,1.9,D,2,0.5,NA
BBM-03,7,LIDE3,2.5,I,2.75,1.25,NA
BBM-03,7,LIDE3,4,D,3.25,1,NA
BBM-03,7,LIDE3,2.4,I,2.75,0.75,NA
BBM-03,7,LIDE3,3.8,D,3.5,1,NA
BBM-03,7,LIDE3,4.3,D,2.75,0.5,NA
BBM-03,7,LIDE3,2.6,C,2.25,0.75,NA
BBM-03,7,LIDE3,2.6,I,2.25,1,NA
BBM-03,7,LIDE3,2.2,C,2.5,1,NA
BBM-03,7,LIDE3,3,D,2,1,NA
BBM-03,7,LIDE3,2.5,I,2,1,NA
BBM-03,7,LIDE3,2.5,I,2.5,1,NA
BBM-03,7,LIDE3,2.2,C,3.25,1,NA
BBM-03,7,LIDE3,4.3,C,3,1,NA
BBM-03,7,LIDE3,2.2,C,1.75,0.25,NA
BBM-03,7,LIDE3,2.4,C,2.5,1,NA
BBM-03,7,LIDE3,2,C,2.25,1,NA
BBM-03,7,LIDE3,1.8,S,2,0.5,NA
BBM-03,7,LIDE3,2.1,I,2,0.75,NA
BBM-03,7,LIDE3,2.9,D,3,0.5,NA
BBM-03,7,LIDE3,1.6,I,2.5,1,NA
BBM-03,7,LIDE3,3.9,C,3,0.75,NA
BBM-03,7,LIDE3,1.6,I,2,1,NA
BBM-03,7,LIDE3,5.6,D,3.5,0.75,NA
BBM-03,7,LIDE3,2.2,C,2.25,1,NA
BBM-03,7,LIDE3,2,I,2.25,1,NA
BBM-03,7,LIDE3,2.8,C,2.5,1,NA
LOM-01,2,QUCH2,1.9,D,2.5,1,NA
LOM-01,2,QUCH2,1.8,C,2.75,1.25,NA
LOM-01,2,QUCH2,3.3,D,2.5,1,NA
LOM-01,2,QUCH2,2.4,C,3,0.5,NA
LOM-01,2,QUCH2,3.8,C,3.5,1,NA
LOM-01,2,QUCH2,3.1,C,3.25,0.5,NA
LOM-01,2,QUCH2,2,D,2.5,1.75,NA
LOM-01,2,QUCH2,2.6,D,2.75,1,NA
LOM-01,2,QUCH2,5.1,D,3.5,1,NA
LOM-01,2,QUCH2,2.1,C,2.75,0.75,NA
LOM-01,2,QUCH2,2.5,C,2.75,0.75,NA
LOM-01,2,QUCH2,3.2,C,3.5,1,NA
LOM-01,2,QUCH2,1.6,C,2.5,1,NA
LOM-01,2,QUCH2,2.6,C,2.75,1,NA
LOM-01,2,QUCH2,1.9,C,2.75,0.75,NA
LOM-01,2,QUCH2,2.9,D,3.25,0.75,NA
LOM-01,2,QUCH2,1.6,I,2.5,0.75,NA
LOM-01,2,QUCH2,2.7,C,3.25,1.25,NA
LOM-01,2,QUCH2,3.4,C,2.75,0.75,NA
LOM-01,2,QUCH2,3.3,C,3,1,NA
LOM-01,2,QUCH2,2.7,C,3,1.25,NA
LOM-01,2,QUCH2,3.2,C,3,0.75,NA
LOM-01,2,QUCH2,2.7,C,2.75,1,NA
LOM-01,2,ARME,4.2,D,3.75,0.5,NA
LOM-01,2,ARME,2.2,I,2,0.5,NA
LOM-01,4,QUCH2,3.3,D,3.5,0.5,NA
LOM-01,4,QUCH2,3.5,C,3.25,0.75,NA
LOM-01,4,QUCH2,4.2,C,3.5,0.75,NA
LOM-01,4,QUCH2,2.2,I,2.75,0.75,NA
LOM-01,4,QUCH2,2.5,C,2.75,1.25,NA
LOM-01,4,QUCH2,2.2,C,3,1,NA
LOM-01,4,QUCH2,2,I,2.75,1,NA
LOM-01,4,QUCH2,3.9,C,3.25,0.75,NA
LOM-01,4,QUCH2,3,C,3,1,NA
LOM-01,4,QUCH2,3.3,C,3.25,1,NA
LOM-01,4,QUCH2,2.7,C,2.75,1,NA
LOM-01,4,QUCH2,3,C,2.75,1,NA
LOM-01,4,QUCH2,4.4,D,3.75,0.5,NA
LOM-01,4,QUCH2,3.4,D,3.25,0.5,NA
LOM-01,4,QUCH2,1.8,I,2.75,1,NA
LOM-01,4,QUCH2,1.9,C,2.5,0.5,NA
LOM-01,4,QUCH2,2.2,C,3,1,NA
LOM-01,7,QUCH2,3.6,D,3,0.75,NA
LOM-01,7,QUCH2,1.9,I,2.75,0.75,NA
LOM-01,7,QUCH2,2.8,D,2.75,0.75,NA
LOM-01,7,QUCH2,1.8,C,2.25,0.75,NA
LOM-01,7,QUCH2,2.7,D,2.5,0.75,NA
LOM-01,7,QUCH2,2.2,C,2.75,0.75,NA
LOM-01,7,QUCH2,2.8,C,2.75,0.75,NA
LOM-01,7,QUCH2,1.8,I,2,0.75,NA
LOM-01,7,QUCH2,1.8,I,2.25,1,NA
LOM-01,7,QUCH2,4.6,D,3.5,1,NA
LOM-01,7,QUCH2,1.7,C,2.5,0.75,NA
LOM-02,3,QUCH2,2,C,2.5,1,NA
LOM-02,3,QUCH2,1.8,I,2,1,NA
LOM-02,3,QUCH2,1.7,I,2.25,1,NA
LOM-02,3,QUCH2,3.5,C,3.25,1.5,NA
LOM-02,3,QUCH2,4.4,C,2.5,1,NA
LOM-02,3,QUCH2,1.5,I,2,1.25,NA
LOM-02,3,QUCH2,1.8,C,2.25,1.25,NA
LOM-02,3,QUCH2,1.8,C,2.5,1,NA
LOM-02,3,QUCH2,2,C,2.25,1,NA
LOM-02,3,QUCH2,2,C,2.5,1,NA
LOM-02,3,QUCH2,3.1,C,2.5,1.25,NA
LOM-02,3,QUCH2,3.2,I,2.25,1.75,NA
LOM-02,3,QUCH2,2,S,2.25,1.5,NA
LOM-02,3,QUCH2,2.4,D,2.75,1,NA
LOM-02,3,QUCH2,2.6,C,2.5,1,NA
LOM-02,3,QUCH2,4.4,C,3.25,1.25,NA
LOM-02,3,QUCH2,5.3,D,3.5,1.5,NA
LOM-02,3,QUCH2,1.8,I,2.25,1.25,NA
LOM-02,3,QUCH2,1.7,I,2,1,NA
LOM-02,3,QUCH2,1.5,C,2,0.75,NA
LOM-02,3,QUCH2,2.9,C,2.5,1,NA
LOM-02,4,NONE,NA,NA,NA,NA,NA
LOM-02,7,QUCH2,4.1,C,3.5,1.25,NA
LOM-02,7,QUCH2,3,C,3.25,2,NA
LOM-02,7,QUCH2,3,I,3,2.5,NA
LOM-02,7,QUCH2,2.8,C,4,2,NA
LOM-02,7,QUCH2,4.9,C,4.5,2.25,NA
LOM-02,7,ARME,6.7,D,4.75,2.75,NA
LOM-02,7,ARME,7.6,C,4.5,2.5,NA
LOM-02,7,ARME,5.5,C,4.5,2.25,NA
LOM-02,7,ARME,3,S,3.75,1.75,NA
LOM-02,7,QUCH2,3.1,C,3.5,2,NA
LOM-02,7,QUCH2,3,C,3.25,2,NA
LOM-02,7,QUCH2,4,D,4.5,2.25,NA
LOM-02,7,QUCH2,3.2,C,3.25,2.25,NA
LOM-02,7,QUCH2,2.6,S,3.25,2,NA
LOM-02,7,ARME,7.6,D,4.75,2.75,NA
LOM-02,7,ARME,3.3,I,3.25,2.25,NA
LOM-02,7,ARME,6,C,4.5,2.5,NA
LOM-02,7,ARME,7.8,I,4,1.25,NA
LOM-02,7,QUCH2,3.3,C,3.75,2.25,NA
LOM-02,7,QUCH2,2.2,I,3.25,1.5,NA
LOM-02,7,QUCH2,3.7,C,4,1.75,NA
LOM-02,7,QUCH2,4.6,D,4.75,2,NA
LOM-02,7,ARME,7.5,D,4.75,2.25,NA
LOM-02,7,ARME,6.1,I,4.25,2.5,NA
LOM-02,7,ARME,5.5,I,4.5,2.5,NA
LOM-02,7,ARME,1.8,S,2.25,0.75,NA
IAB-01,2,ARME,5,C,4.25,2.25,NA
IAB-01,2,ARME,2.6,S,2.75,0.75,NA
IAB-01,2,ARME,2.9,C,5,1,NA
IAB-01,2,ARME,3.9,C,4.5,1.5,NA
IAB-01,2,ARME,2.6,S,3.5,2,NA
IAB-01,2,ARME,2.8,I,2.3,1.75,NA
IAB-01,2,ARME,2.5,I,2.5,1.75,NA
IAB-01,2,ARME,4.7,C,4,2,NA
IAB-01,2,ARME,2.9,S,2.25,1.75,NA
IAB-01,2,ARME,6.3,I,4.5,1.75,NA
IAB-01,2,ARME,2.9,S,1.75,0.25,NA
IAB-01,2,ARME,1.5,S,2.75,1.75,NA
IAB-01,2,ARME,7.8,D,5,1.85,NA
IAB-01,2,ARME,2.7,I,3.5,1.75,NA
IAB-01,2,ARME,4.7,I,4.25,1.5,NA
IAB-01,2,ARME,7.4,C,6.5,1.75,NA
IAB-01,2,ARME,6.4,I,5,1.25,NA
IAB-01,2,ARME,5.6,C,5.5,1.5,NA
IAB-01,2,ARME,5.6,C,4.75,2.75,NA
IAB-01,2,ARME,2.5,I,4,2,NA
IAB-01,2,ARME,4.6,I,4,2,NA
IAB-01,2,ARME,3.4,I,3.25,1.25,NA
IAB-01,4,ARME,1.8,C,1.6,1.75,NA
IAB-01,4,ARME,4.6,D,3.75,1.25,NA
IAB-01,4,ARME,4.2,D,4.5,1.75,NA
IAB-01,4,ARME,2.5,I,3,1.25,NA
IAB-01,4,ARME,3.9,C,3,0.75,NA
IAB-01,4,ARME,3.5,I,3.25,2.25,NA
IAB-01,4,ARME,4.3,D,4.5,2,NA
IAB-01,4,ARME,3.2,I,3.25,1.25,NA
IAB-01,4,ARME,2.2,I,3.75,1.25,NA
IAB-01,4,ARME,2.7,C,3,1,NA
IAB-01,4,ARME,2.2,D,2.5,1.25,NA
IAB-01,4,ARME,3.8,D,4.5,1.25,NA
IAB-01,4,ARME,2.1,I,3,1,NA
IAB-01,4,ARME,2.4,I,2.75,1.75,NA
IAB-01,4,ARME,4.4,I,1.75,1.5,NA
IAB-01,4,ARME,3.7,C,4.25,1.75,NA
IAB-01,4,ARME,4.9,C,4.5,1.5,NA
IAB-01,4,ARME,2.6,D,2.75,0.75,NA
IAB-01,4,ARME,1.7,C,2,0.5,NA
IAB-01,4,ARME,3.8,C,4,1.25,NA
IAB-01,4,ARME,3.2,C,3.5,1,NA
IAB-01,4,ARME,2.3,S,2,0.75,NA
IAB-01,4,ARME,2.1,D,2.5,0.75,NA
IAB-01,4,ARME,2.6,C,3.25,0.75,NA
IAB-01,4,ARME,1.5,S,2.5,1,NA
IAB-01,7,ARME,1.6,C,2.2,0.25,NA
IAB-01,7,ARME,1.7,D,2,0.75,NA
BBO-01,2,ACMA3,6,C,5,1.75,NA
BBO-01,2,ACMA3,2.9,S,4.5,1.5,NA
BBO-01,2,ACMA3,7.3,C,6.5,2.5,NA
BBO-01,2,ACMA3,2,S,3.75,1.3,NA
BBO-01,2,ACMA3,5,C,4.5,2.5,NA
BBO-01,2,ACMA3,2.1,S,3.75,1.75,NA
BBO-01,2,QUCH2,1.7,I,2.1,1.1,NA
BBO-01,2,QUCH2,2.6,C,1.9,0.5,NA
BBO-01,2,ACMA3,4.8,C,5,2.5,NA
BBO-01,2,ACMA3,2,I,3.4,1.5,NA
BBO-01,2,ACMA3,6.1,C,4.5,1.7,NA
BBO-01,2,ACMA3,4.4,I,4.75,2.5,NA
BBO-01,2,ACMA3,3.2,I,3,2.5,NA
BBO-01,2,QUCH2,2.4,I,2.5,1.4,NA
BBO-01,2,QUCH2,2.1,C,2.2,0.75,NA
BBO-01,2,ACMA3,5.8,C,4,1.6,NA
BBO-01,2,ACMA3,4.9,C,5.75,2.2,NA
BBO-01,2,ACMA3,3.5,I,3.5,2,NA
BBO-01,2,ACMA3,4.3,C,5.25,2.25,NA
BBO-01,2,ACMA3,6.7,C,4.75,2,NA
BBO-01,2,QUCH2,1.8,C,2.3,1,NA
BBO-01,2,QUCH2,1.9,I,2.3,0.5,NA
BBO-01,4,QUCH2,1.6,S,1.8,0.4,NA
BBO-01,4,PSME,1.9,D,2.5,0.3,NA
BBO-01,4,ARME,1.5,S,1.8,0.75,NA
BBO-01,4,QUCH2,2,I,1.9,0.75,NA
BBO-01,4,QUCH2,2.1,D,2.3,0.4,NA
BBO-01,7,QUCH2,2.5,I,2.3,0.5,NA
BBO-01,7,PSME,1.8,S,2.4,0.75,NA
BBO-01,7,LIDE3,7,C,5,1.25,NA
BBO-01,7,LIDE3,1.6,S,3,1.9,NA
BBO-01,7,LIDE3,2.9,I,3.25,1.45,NA
BBO-01,7,LIDE3,2.1,I,3.25,1.7,NA
BBO-01,7,LIDE3,6.1,C,4,1.6,NA
BBO-01,7,LIDE3,1.8,S,3.25,2.1,NA
BBO-01,7,LIDE3,5.8,C,5.25,1.6,NA
BBO-01,7,LIDE3,6.4,C,4.5,2.3,NA
BBO-01,7,CONU4,3.6,I,3.3,1.4,NA
BBO-01,7,CONU4,3.2,C,4,1.4,NA
BBO-01,7,CONU4,1.9,S,3.25,2.6,NA
BBO-01,7,CONU4,2.1,I,2.2,1.6,NA
BBO-01,7,QUCH2,1.5,I,2.5,0.9,NA
BBO-01,7,LIDE3,2.7,C,3,1.5,NA
BBO-01,7,LIDE3,2.9,I,2.4,1.6,NA
BBO-01,7,LIDE3,2.2,I,3,1.5,NA
BBO-01,7,LIDE3,5.6,C,4.75,1.75,NA
BBO-01,7,LIDE3,6,C,5.25,1.7,NA
BBO-01,7,LIDE3,2.4,S,3.5,2,NA
BBO-01,7,LIDE3,4.7,I,4,2.5,NA
BBO-01,7,CONU4,1.9,S,3.1,1.8,NA
BBO-01,7,CONU4,1.8,S,3,2.3,NA
BBO-01,7,CONU4,2.5,I,4,1.8,NA
BBO-01,7,CONU4,2.6,C,3.75,1.4,NA
BBO-01,7,LIDE3,2.7,I,3,1.6,NA
BBO-01,7,LIDE3,2.1,S,2.3,0.7,NA
BBO-01,7,LIDE3,1.6,S,3,1.75,NA
BBO-01,7,LIDE3,2,S,3.3,1.75,NA
BBO-01,7,LIDE3,3.2,S,3,1.75,NA
BBO-01,7,LIDE3,2.7,I,2.5,1.3,NA
BBO-01,7,LIDE3,4.8,C,4.75,2.3,NA
BBO-01,7,CONU4,2.7,C,3.3,1.5,NA
BBO-01,7,CONU4,2,I,3.25,2.25,NA
BBO-01,7,CONU4,2.7,C,2.3,1.9,NA
BIS-01,2,QUKE,4.7,D,4.75,0.75,NA
BIS-01,2,QUKE,2.8,D,3.5,1,NA
BIS-01,2,QUKE,4.9,D,4.5,1,NA
BIS-01,4,QUCH2,2.2,I,2.5,1,NA
BIS-01,4,QUCH2,2.2,C,2.5,0.75,NA
BIS-01,4,QUKE,5.1,C,5.25,2.25,NA
BIS-01,4,QUKE,6.5,C,4.5,1.5,NA
BIS-01,4,PIAT,4.6,C,3.5,1,NA
BIS-01,4,QUCH2,3.4,C,2.75,1,NA
BIS-01,4,QUCH2,2.5,I,3.5,0.75,NA
BIS-01,4,QUKE,7.4,C,5,2.25,NA
BIS-01,4,QUKE,5.8,C,4.25,1.25,NA
BIS-01,4,PIAT,2.7,C,2.75,1.25,NA
BIS-01,4,QUCH2,3,C,2.5,1.25,NA
BIS-01,4,QUCH2,1.7,C,2.5,1,NA
BIS-01,4,QUKE,3.4,I,2.5,1.5,NA
BIS-01,7,QUKE,5.5,D,4.75,1.75,NA
BIS-01,7,QUKE,3.1,I,2.5,1.75,NA
BIS-01,7,QUKE,2.3,I,2.75,1.5,NA
BIS-01,7,QUCH2,2.4,C,2.5,1.25,NA
BIS-01,7,QUKE,4.5,C,5,3.75,NA
BIS-01,7,QUKE,6.7,C,5.75,1.75,NA
BIS-01,7,QUKE,1.9,C,2.75,1.75,NA
BIS-01,7,QUKE,4.8,C,4.75,2,NA
BIS-01,7,QUKE,3.9,C,5,3,NA
BIS-01,7,QUKE,2.5,I,1.75,1.5,NA
BIS-01,7,QUCH2,1.8,I,2.5,1.25,NA
BIS-01,7,QUKE,3.8,C,4,2,NA
BIS-01,7,QUKE,5,C,5,3,NA
BIS-01,7,QUKE,2.2,I,2.5,2,NA
BIS-01,7,QUCH2,2.4,C,2.5,1.5,NA
BIS-01,7,QUKE,3.1,I,3.5,3.35,NA
BIS-01,7,QUKE,3.3,C,5.25,1.75,NA
BIS-01,7,QUKE,1.8,I,2.5,2.25,NA
BIS-01,7,QUKE,2.3,I,2.5,2.25,NA
BIS-01,7,QUKE,4.5,C,4.75,3.25,NA
BIS-01,7,QUKE,4.7,C,4.5,2,NA
BIS-01,7,QUCH2,4.8,C,3.5,1.75,NA
BIS-01,7,QUKE,2.3,I,2.25,1.5,NA
BIS-01,7,QUKE,7.5,C,5,1.5,NA
BIS-01,7,QUKE,6.3,C,5.75,2,NA
BIS-01,7,QUCH2,2.8,C,3.25,1.75,NA
BIS-01,7,QUKE,4.3,C,4,2.25,NA
BIS-01,7,QUKE,5.1,C,5,1.75,NA
BIS-01,7,QUKE,3,S,2,1,NA
BIS-01,7,QUKE,2.3,I,3,3,NA
BIS-01,7,QUKE,2,I,2.75,2.75,NA
BIS-01,7,QUKE,9.1,D,4.5,1.5,NA
BIS-01,7,QUCH2,3.5,C,3.75,1.5,NA
BIS-01,7,QUCH2,2.1,I,3.25,1.5,NA
BIS-01,7,QUCH2,1.9,I,2.25,1.25,NA
BIS-02,2,ARME,2,I,2.5,1.25,NA
BIS-02,2,ARME,3,S,2.25,1.5,NA
BIS-02,2,ARME,5.2,S,2,0.5,NA
BIS-02,2,ARME,6,I,4.25,1,NA
BIS-02,2,ARME,5.6,C,3.25,1.25,NA
BIS-02,2,ARME,6.3,X,NA,NA,NA
BIS-02,2,ARME,2.3,S,2.25,1.25,NA
BIS-02,2,ARME,1.6,I,3,1.75,NA
BIS-02,2,ARME,4.5,I,4.75,1,NA
BIS-02,2,ARME,3.7,S,1.75,1,NA
BIS-02,2,ARME,3.8,I,1.25,0.5,NA
BIS-02,2,ARME,8.4,D,6.25,2.75,NA
BIS-02,2,ARME,4.7,C,3.25,1.25,NA
BIS-02,2,ARME,7.8,C,4.25,0.75,NA
BIS-02,2,ARME,5.3,C,5.75,2,NA
BIS-02,2,ARME,2.8,S,1,0.5,NA
BIS-02,2,ARME,3,C,1,0.75,NA
BIS-02,2,ARME,2.8,X,NA,NA,NA
BIS-02,2,ARME,8.4,C,5.25,2,NA
BIS-02,2,ARME,8.2,C,6,1.25,NA
BIS-02,2,ARME,7.2,I,3.25,0.5,NA
BIS-02,2,PINUS,6.8,X,NA,NA,Not identified to species
BIS-02,4,UMCA,2.3,C,2.25,0,NA
BIS-02,4,UMCA,2.2,C,2.25,0,NA
BIS-02,7,QUCH2,3.4,C,3.5,0.5,NA
BIS-02,7,QUCH2,3.5,C,3.5,0.5,NA
BIS-03,2,QUKE,3.8,C,5.5,1.5,NA
BIS-03,2,ARME,8,C,6.5,1.5,NA
BIS-03,2,ARME,8.1,C,6.5,1.5,NA
BIS-03,2,PIPO,3.6,I,2.75,0.75,NA
BIS-03,2,QUKE,3.3,C,4.5,2,NA
BIS-03,2,PSME,6.4,X,NA,NA,NA
BIS-03,2,QUKE,4.4,C,5.5,2.25,NA
BIS-03,2,QUKE,5.7,C,6,1.75,NA
BIS-03,2,QUKE,1.8,I,3.25,1.25,NA
BIS-03,2,ARME,3.8,I,4,1.75,NA
BIS-03,2,PIPO,2.6,I,2.25,0.75,NA
BIS-03,2,QUKE,7.8,C,6,1.75,NA
BIS-03,2,QUKE,3.1,I,4,1.5,NA
BIS-03,2,QUKE,6,C,4.5,2,NA
BIS-03,2,ARME,3.2,I,3.5,1.5,NA
BIS-03,2,QUKE,5.3,C,5.5,1.5,NA
BIS-03,2,QUKE,4.7,C,6,2.5,NA
BIS-03,4,QUKE,9.8,C,4,2,NA
BIS-03,4,QUCH2,5.4,C,2.5,0.75,NA
BIS-03,4,PSME,10.6,X,NA,NA,NA
BIS-03,4,QUKE,4.7,C,4.5,1.25,NA
BIS-03,4,LIDE3,2.1,C,2.5,0.25,NA
BIS-03,4,QUKE,7.3,C,6,1.5,NA
BIS-03,4,QUCH2,7,X,NA,NA,NA
BIS-03,4,QUKE,1.6,I,2.25,0.75,NA
BIS-03,4,QUKE,6.7,I,5.5,1.75,NA
BIS-03,4,QUCH2,4.2,C,2.75,0.25,NA
BIS-03,7,QUKE,8.9,C,8.5,2.75,NA
BIS-03,7,PSME,6.7,X,NA,NA,NA
BIS-03,7,QUKE,5.3,C,6.5,2.5,NA
BIS-03,7,QUKE,3.1,C,4.5,1,NA
BIS-03,7,ARME,3.2,D,3.5,2.5,NA
BIS-03,7,ARME,3.6,I,2.75,0.75,NA
BIS-03,7,ARME,4.3,I,4,1,NA
BIS-03,7,ARME,7.5,C,8,1.5,NA
BIS-03,7,QUKE,9.1,C,7,2,NA
BIS-03,7,QUKE,4.4,S,6,2,NA
BIS-03,7,QUKE,4.7,S,4.5,1.5,NA
BIS-03,7,ARME,5.4,I,4.5,2,NA
BIS-03,7,ARME,4.9,I,2.75,1.25,NA
BIS-03,7,ARME,9.2,C,8,2.25,NA
BIS-03,7,ARME,6.7,I,4.5,1.75,NA
BIS-03,7,QUKE,4.5,X,NA,NA,NA
BIS-03,7,QUKE,6.5,C,6.5,2.5,NA
BIS-03,7,ARME,11,C,8,2,NA
BIS-03,7,ARME,5.4,C,4.5,1,NA
BIS-03,7,ARME,3.5,S,4.5,1.25,NA
BIS-04,2,LIDE3,4.8,D,3.25,0.25,NA
BIS-04,2,LIDE3,3.9,D,3.25,1,NA
BIS-04,2,LIDE3,6.3,D,4.25,1.25,NA
BIS-04,2,LIDE3,3.4,S,1.5,1.25,NA
BIS-04,2,LIDE3,8.6,D,4.5,0.75,NA
BIS-04,2,LIDE3,2,C,2.25,0.75,NA
BIS-04,2,LIDE3,3.3,C,3,1,NA
BIS-04,2,LIDE3,2.7,S,2.5,0.5,NA
BIS-04,2,LIDE3,3,S,2,1,NA
BIS-04,2,LIDE3,6.5,D,4.75,1,NA
BIS-04,2,LIDE3,5.5,D,4.5,0.5,NA
BIS-04,2,LIDE3,2.9,C,3,1,NA
BIS-04,2,LIDE3,3.5,I,2.75,1,NA
BIS-04,2,LIDE3,3.8,S,2,0.75,NA
BIS-04,2,LIDE3,4.9,C,1.5,0.75,NA
BIS-04,4,ARME,3.1,X,NA,NA,NA
BIS-04,4,LIDE3,2.1,I,2.25,0.75,NA
BIS-04,4,QUKE,4.4,C,4.5,1.35,NA
BIS-04,4,QUKE,5.9,C,5,1.5,NA
BIS-04,4,QUKE,4.7,D,4.5,1,NA
BIS-04,4,ARME,10.8,D,6.25,1.75,NA
BIS-04,4,LIDE3,9,D,7.5,1.5,NA
BIS-04,4,QUKE,3.3,D,4.5,1.25,NA
BIS-04,4,QUKE,3.1,X,NA,NA,NA
BIS-04,4,QUKE,1.8,I,2.75,1,NA
BIS-04,4,QUKE,3.2,C,4.75,1.25,NA
BIS-04,4,QUKE,6.2,C,5,1.5,NA
BIS-04,4,QUKE,2.6,I,3.25,1,NA
BIS-04,7,QUCH2,1.8,C,2.5,0.25,NA
BIS-04,7,QUKE,6.9,C,6.75,1.75,NA
BIS-04,7,QUKE,6.6,C,4.5,1.5,NA
BIS-04,7,QUCH2,3.5,D,2.5,1.25,NA
BIS-04,7,QUCH2,2.5,C,2.25,0.5,NA
BIS-04,7,QUCH2,2.7,D,2.5,1,NA
BIS-04,7,QUKE,4.2,C,6.75,1.25,NA
BIS-04,7,QUKE,2,X,NA,NA,NA
BIS-04,7,QUCH2,5,D,3.5,0.75,NA
BIS-04,7,QUCH2,4,D,2.75,1.75,NA
BIS-04,7,QUKE,8.8,D,7,2.25,NA
BIS-04,7,QUCH2,5,D,3.5,1.5,NA
BIS-05,2,NONE,NA,NA,NA,NA,NA
BIS-05,4,CHCH7,2,C,2.1,0.75,NA
BIS-05,4,CHCH7,1.8,C,2,0.5,NA
BIS-05,4,CHCH7,2,C,2.1,0.75,NA
BIS-05,4,CHCH7,2,I,2.2,0.75,NA
BIS-05,4,CHCH7,1.9,C,1.9,0.85,NA
BIS-05,4,CHCH7,2.9,C,2.4,1,NA
BIS-05,4,CHCH7,2.2,I,2.2,1.25,NA
BIS-05,4,CHCH7,2.3,I,2.25,1.25,NA
BIS-05,4,CHCH7,2.7,C,2.25,0.75,NA
BIS-05,4,CHCH7,2.3,C,2.15,1.25,NA
BIS-05,4,CHCH7,2.6,C,2.3,0.75,NA
BIS-05,7,NONE,NA,NA,NA,NA,NA
BIS-06,2,NONE,NA,NA,NA,NA,NA
BIS-06,4,CHCH7,3,D,2,0.5,NA
BIS-06,7,NONE,NA,NA,NA,NA,NA
BIS-07,2,CHCH7,11.6,X,NA,NA,NA
BIS-07,4,PSME,11.1,X,NA,NA,NA
BIS-07,7,NONE,NA,NA,NA,NA,NA
BIS-10,2,ARME,8.9,D,4.5,0.75,NA
BIS-10,2,LIDE3,1.6,C,2.25,0.5,NA
BIS-10,2,ARME,3.1,D,3,0.75,NA
BIS-10,2,QUCH2,1.6,C,2.25,0.5,NA
BIS-10,2,QUCH2,2.9,I,2.5,1,NA
BIS-10,2,ARME,2.1,S,2.25,1,NA
BIS-10,2,ARME,2.4,C,2.25,1,NA
BIS-10,2,QUCH2,2.4,C,2.75,0.75,NA
BIS-10,2,QUCH2,2,I,2.5,1,NA
BIS-10,2,ARME,6.8,C,2.25,0.75,NA
BIS-10,2,QUCH2,2.8,I,2.5,0.75,NA
BIS-10,2,QUCH2,2.1,C,2.75,1,NA
BIS-10,4,LIDE3,1.5,C,2,0.25,NA
BIS-10,4,LIDE3,2.3,C,2.25,0.25,NA
BIS-10,4,UNKC,8.7,X,NA,NA,NA
BIS-10,4,UNKC,7.8,X,NA,NA,NA
BIS-10,7,QUCH2,1.9,C,2.4,1.4,NA
BIS-10,7,PSME,3.1,D,3.75,0.5,NA
BIS-10,7,ARME,2,D,2.75,1.25,NA
BIS-10,7,ARME,4.5,D,2.75,1.25,NA
BIS-10,7,CHCH7,4,C,2.75,1,NA
BIS-10,7,CHCH7,3.2,C,2.75,1.25,NA
BIS-10,7,CHCH7,4.1,C,3,1,NA
BIS-10,7,ARME,2.8,D,2.75,1.25,NA
BIS-10,7,UNK,8.5,X,NA,NA,NA
BIS-10,7,QUCH2,2.1,D,2,0.75,NA
BIS-10,7,ARME,1.7,D,2.5,1,NA
BIS-10,7,ARME,1.7,C,2,1,NA
BIS-10,7,CHCH7,1.7,I,2,1,NA
BIS-10,7,CHCH7,3.4,C,3,1.5,NA
BIS-10,7,CHCH7,2.8,C,2.5,1.25,NA
BIS-10,7,ARME,1.5,C,2,0.75,NA
BIS-10,7,ARME,2.3,I,2.25,1.25,NA
BIS-10,7,ARME,2.4,I,2,1,NA
BIS-10,7,CHCH7,2.3,I,2.25,1,NA
BIS-10,7,CHCH7,4.6,C,2.75,1.25,NA
BIS-10,7,ARME,1.5,C,2,1,NA
BIS-11,2,QUCH2,1.7,C,2,0.75,NA
BIS-11,2,QUCH2,1.7,D,2,0.75,NA
BIS-11,2,QUCH2,1.9,D,2,1,NA
BIS-11,4,NONE,NA,NA,NA,NA,NA
BIS-11,7,ARME,2.4,D,2.4,0.5,NA
BIS-11,7,ARME,3.5,D,2.4,0.25,NA
BIS-11,7,ARME,2,D,2.25,1,NA
BIS-12,2,LIDE3,2.4,S,2.75,1.25,NA
BIS-12,2,CHCH7,1.9,S,2.25,0.5,NA
BIS-12,2,CHCH7,2.8,D,2.5,0.75,NA
BIS-12,2,ARME,2.8,S,2.75,1.25,NA
BIS-12,2,ARME,2,S,2.5,1.25,NA
BIS-12,2,ARME,8.9,D,6,1.5,NA
BIS-12,2,ARME,5.2,S,3,1.25,NA
BIS-12,2,ARME,3.8,S,2.75,1.25,NA
BIS-12,2,ARME,4.6,C,5.5,2.5,NA
BIS-12,2,ARME,2.3,S,2.5,1.5,NA
BIS-12,2,ARME,4.9,C,4.5,1.25,NA
BIS-12,2,ARME,2.1,S,2.5,1.25,NA
BIS-12,2,ARME,6.9,D,5,1.75,NA
BIS-12,2,ARME,9.5,C,4,1.75,NA
BIS-12,2,ARME,3.1,S,2.75,1.5,NA
BIS-12,2,ARME,3.3,I,2.75,1,NA
BIS-12,2,ARME,4,I,2.75,1,NA
BIS-12,2,ARME,1.8,S,2,1,NA
BIS-12,2,ARME,4.2,I,4.5,1.75,NA
BIS-12,2,ARME,3.9,C,4.5,2.25,NA
BIS-12,2,ARME,4.6,C,3.5,1.5,NA
BIS-12,2,ARME,1.7,S,2.5,1.25,NA
BIS-12,2,ARME,1.6,S,2.25,1.25,NA
BIS-12,2,ARME,5.7,C,3.75,1,NA
BIS-12,2,ARME,1.9,S,2.25,1,NA
BIS-12,2,ARME,5.4,C,4.25,1.25,NA
BIS-12,2,ARME,2.9,I,3.25,1.25,NA
BIS-12,2,ARME,8.6,D,6.5,2.25,NA
BIS-12,2,ARME,6.7,D,7,2.5,NA
BIS-12,2,ARME,4.4,I,3.75,1.75,NA
BIS-12,2,ARME,2.4,I,2.5,1.5,NA
BIS-12,2,ARME,3.8,S,3.5,2.5,NA
BIS-12,2,ARME,5.7,I,3,1.25,NA
BIS-12,2,ARME,5.3,C,3.5,1.25,NA
BIS-12,4,LIDE3,1.7,I,2,0.75,NA
BIS-12,4,LIDE3,1.6,I,2.25,1,NA
BIS-12,4,QUCH2,1.6,I,2,0.75,NA
BIS-12,4,QUCH2,1.6,C,2.25,1,NA
BIS-12,4,QUCH2,1.6,D,2,0.75,NA
BIS-12,4,LIDE3,2,I,1.75,0.75,NA
BIS-12,4,LIDE3,2.7,C,2.25,1.25,NA
BIS-12,4,QUCH2,2.2,I,2,1,NA
BIS-12,4,QUCH2,2.3,C,2.4,1,NA
BIS-12,4,QUCH2,1.9,C,2.25,1,NA
BIS-12,4,LIDE3,1.5,I,2,1,NA
BIS-12,4,QUCH2,4.8,D,2.5,1.25,NA
BIS-12,4,QUCH2,1.5,C,2.25,0.75,NA
BIS-12,7,LIDE3,1.5,D,2.25,0.75,NA
BIS-12,7,LIDE3,2.1,I,2.75,1,NA
BIS-12,7,LIDE3,2.1,S,2.75,1.15,NA
BIS-12,7,LIDE3,1.5,I,2.35,1.25,NA
BIS-12,7,LIDE3,1.5,I,2.25,1.25,NA
BIS-12,7,LIDE3,3.1,C,2.5,1.25,NA
BIS-12,7,LIDE3,2.2,I,2.5,1,NA
BIS-12,7,LIDE3,4.9,D,3.5,1,NA
BIS-12,7,LIDE3,1.7,S,2.5,0.75,NA
BIS-12,7,LIDE3,1.9,I,2.5,1,NA
BIS-12,7,LIDE3,1.6,I,2.75,1.35,NA
BIS-12,7,LIDE3,2.3,I,2.5,1,NA
BIS-12,7,LIDE3,2.2,C,2.75,0.75,NA
BIS-12,7,LIDE3,2,S,3,1,NA
QTZ-01,2,ARME,2,C,2.25,0.5,NA
QTZ-01,2,ARME,8.6,C,4.75,0.75,NA
QTZ-01,2,ARME,2,C,2.25,1,NA
QTZ-01,2,ARME,4.7,D,3.75,1,NA
QTZ-01,2,ARME,1.9,C,2.25,1.25,NA
QTZ-01,2,ARME,2.7,C,2.5,1.5,NA
QTZ-01,2,ARME,1.5,I,2,0.75,NA
QTZ-01,2,ARME,3.3,D,2.75,1,NA
QTZ-01,2,ARME,1.5,C,1.75,1,NA
QTZ-01,2,ARME,2.6,D,2.5,1.5,NA
QTZ-01,2,ARME,2.9,D,2.5,1,NA
QTZ-01,2,ARME,2.3,C,2.5,1,NA
QTZ-01,2,ARME,2.4,C,2.25,1,NA
QTZ-01,2,ARME,1.9,D,2.25,0.75,NA
QTZ-01,2,ARME,3.6,D,2.5,0.75,NA
QTZ-01,2,ARME,1.8,C,2.5,1.75,NA
QTZ-01,2,ARME,2.4,I,2.25,1.5,NA
QTZ-01,4,PIPO,1.6,C,1.75,0.5,NA
QTZ-01,4,PIPO,5,D,2.25,0.75,NA
QTZ-01,4,PIPO,1.9,C,1.75,0.5,NA
QTZ-01,7,ARME,3.7,D,2.5,0.5,NA
QTZ-01,7,PIPO,2.6,C,1.75,0.25,NA
QTZ-01,7,PIPO,4.5,C,2.5,1,NA
QTZ-02,2,CADE27,1.7,I,2,0.75,NA
QTZ-02,2,SALIX,2.4,C,4.5,3.75,NA
QTZ-02,2,SALIX,2.9,C,3,2.5,NA
QTZ-02,2,SALIX,3.7,C,3.75,3.25,NA
QTZ-02,2,SALIX,3.6,C,4.5,3.5,NA
QTZ-02,2,SALIX,3.4,C,4,2.75,NA
QTZ-02,2,SALIX,4.3,C,4.5,3.5,NA
QTZ-02,2,SALIX,2.8,C,3.75,2.5,NA
QTZ-02,4,SALIX,2.7,C,4.5,2.75,NA
QTZ-02,4,SALIX,2.1,C,4.75,4,NA
QTZ-02,4,ABCO,1.5,S,2,0.5,NA
QTZ-02,4,ABCO,1.9,D,2.25,0.4,NA
QTZ-02,4,ABCO,3.1,C,2.5,0.5,NA
QTZ-02,4,ABCO,2.1,S,2.25,0.25,NA
QTZ-02,4,PSME,2,S,2.5,0.5,NA
QTZ-02,4,SALIX,2.4,C,3.25,2.5,NA
QTZ-02,4,SALIX,2.6,C,5,4,NA
QTZ-02,4,ABCO,2,S,2.25,0.25,NA
QTZ-02,4,ABCO,2.9,D,3,0.5,NA
QTZ-02,4,ABCO,2.6,C,3,0.3,NA
QTZ-02,4,ABCO,1.8,S,2.5,0.5,NA
QTZ-02,4,SALIX,2.3,C,3.5,2.75,NA
QTZ-02,4,ABCO,2.8,I,3.25,0.3,NA
QTZ-02,4,ABCO,2.7,D,2.75,0.5,NA
QTZ-02,4,ABCO,1.8,I,2.5,0.4,NA
QTZ-02,7,ABCO,1.5,I,2.25,0.5,NA
QTZ-02,7,SALIX,2.5,C,4,2.25,NA
QTZ-02,7,SALIX,2.2,C,3.75,2,NA
QTZ-02,7,PSME,6.6,D,4,0.5,NA
QTZ-02,7,ABCO,1.9,C,2.25,0.5,NA
QTZ-02,7,CADE27,3.1,C,2.5,0.5,NA
QTZ-02,7,ABCO,2.1,I,2.25,0.3,NA
QTZ-02,7,ABCO,2.2,C,2.5,0.5,NA
QTZ-02,7,ARME,3.5,C,3.5,1.25,NA
QTZ-02,7,SALIX,2.8,C,3.5,2.25,NA
QTZ-02,7,PSME,2.3,C,2.25,0.5,NA
QTZ-02,7,ABCO,2.2,C,2.5,0.5,NA
QTZ-02,7,ABCO,1.7,C,2.25,0.75,NA
QTZ-02,7,ABCO,2.1,I,2.25,0.25,NA
QTZ-02,7,ARME,4.3,C,3.75,1.5,NA
QTZ-02,7,SALIX,2.8,C,4,2.75,NA
QTZ-02,7,ABCO,2.3,I,2.5,0.5,NA
QTZ-02,7,ABCO,2,D,2.5,0.75,NA
QTZ-02,7,ABCO,1.8,I,2.5,1,NA
SPE-01,2,QUCH2,3.9,D,3.25,0.5,NA
SPE-01,4,QUCH2,3.5,D,3.25,0.25,NA
SPE-01,4,QUCH2,3.1,C,3.25,0.75,NA
SPE-01,4,QUCH2,3,C,2.25,0.75,NA
SPE-01,4,QUKE,3.1,D,2.75,0.5,NA
SPE-01,4,QUCH2,1.8,C,2.25,0.5,NA
SPE-01,4,QUCH2,4.2,D,3,0.5,NA
SPE-01,4,QUCH2,1.5,C,2,0.25,NA
SPE-01,4,QUKE,5.1,C,3.5,1,NA
SPE-01,4,QUCH2,2.1,I,2.25,0.25,NA
SPE-01,4,QUCH2,2.8,C,2.25,0.75,NA
SPE-01,4,QUCH2,2.3,D,2.5,0.5,NA
SPE-01,7,QUCH2,3.2,I,2.75,0.75,NA
SPE-01,7,QUCH2,3.7,C,3.25,0.75,NA
SPE-01,7,PSME,5,X,NA,NA,NA
SPE-02,2,ACMA3,5.4,C,3,1,NA
SPE-02,2,ACMA3,4.1,C,4.5,1.6,NA
SPE-02,2,QUCH2,1.7,S,1.6,1.25,NA
SPE-02,2,ACMA3,7.5,D,4.5,1.25,NA
SPE-02,2,ACMA3,5.4,C,3.75,1,NA
SPE-02,2,ACMA3,2.1,I,3.25,0.75,NA
SPE-02,2,ACMA3,1.9,I,3.25,0.5,NA
SPE-02,2,ACMA3,7.1,D,5.25,1.5,NA
SPE-02,2,ACMA3,2.3,S,3.25,1,NA
SPE-02,2,ACMA3,5.5,C,3.75,1.6,NA
SPE-02,2,ACMA3,2.5,I,2.75,1.25,NA
SPE-02,2,ACMA3,4.3,C,3.5,1.25,NA
SPE-02,2,ACMA3,3.7,S,3.25,1.1,NA
SPE-02,2,ACMA3,6.5,C,3.75,1.5,NA
SPE-02,2,ACMA3,4,C,4.5,1,NA
SPE-02,2,ACMA3,6.1,C,4.25,1.3,NA
SPE-02,2,ACMA3,2.8,I,2.4,1,NA
SPE-02,2,ACMA3,1.7,I,2.25,1,NA
SPE-02,2,ACMA3,2,C,3.25,1.25,NA
SPE-02,2,ACMA3,4.4,I,3.5,1.5,NA
SPE-02,2,ACMA3,5.6,C,4.75,1.2,NA
SPE-02,4,QUCH2,3.2,S,3,1,NA
SPE-02,4,QUCH2,3.5,C,3.25,1.25,NA
SPE-02,4,QUCH2,2.2,S,2.75,1,NA
SPE-02,4,QUCH2,6.8,D,5.25,1.25,NA
SPE-02,4,QUCH2,4.2,C,3.25,0.5,NA
SPE-02,4,QUCH2,5.5,D,4.5,0.5,NA
SPE-02,4,PSME,6.7,D,5,0.25,NA
SPE-02,4,SALIX,2.2,C,3.25,0.75,NA
SPE-02,4,QUCH2,2.3,I,2.75,0.5,NA
SPE-02,4,QUCH2,6.4,D,4.25,1,NA
SPE-02,4,QUCH2,4.1,C,3.5,1.5,NA
SPE-02,4,QUCH2,4.1,C,3.75,1.25,NA
SPE-02,4,QUCH2,6.7,D,5,1,NA
SPE-02,4,QUCH2,7.1,D,5.5,0.75,NA
SPE-02,4,QUCH2,2.6,I,3,1,NA
SPE-02,4,PSME,2.3,D,3,0,NA
SPE-02,4,QUCH2,4.7,D,4,0.75,NA
SPE-02,4,QUCH2,5.3,C,4,1.25,NA
SPE-02,4,QUCH2,5.6,D,4.25,1.25,NA
SPE-02,4,QUCH2,4.4,I,3.5,1,NA
SPE-02,4,QUCH2,2.8,I,3.5,1,NA
SPE-02,4,QUCH2,2.2,S,2.25,0.75,NA
SPE-02,4,QUCH2,4.4,C,3.5,0.5,NA
SPE-02,4,PSME,4.4,D,4.25,0.25,NA
SPE-02,4,QUCH2,2,I,2.25,0.25,NA
SPE-02,7,NONE,NA,NA,NA,NA,NA
SPE-03,2,QUCH2,5.9,C,3.75,0.75,NA
SPE-03,4,QUCH2,1.7,C,2.5,0.8,NA
SPE-03,4,QUCH2,3.2,C,3,0.75,NA
SPE-03,4,QUCH2,7.1,C,4.25,1.25,NA
SPE-03,4,QUCH2,4.6,C,4.1,2,NA
SPE-03,4,QUCH2,3.1,C,3.5,1.25,NA
SPE-03,4,QUCH2,5.2,C,4.25,0.75,NA
SPE-03,4,QUCH2,5.6,C,4.75,2.75,NA
SPE-03,4,QUCH2,4.6,I,4.25,2,NA
SPE-03,4,QUCH2,2,I,2.75,1.6,NA
SPE-03,4,QUCH2,6.2,C,5.5,1.25,NA
SPE-03,4,QUCH2,3.8,C,3,1,NA
SPE-03,4,QUCH2,5.5,C,3.5,0.5,NA
SPE-03,4,QUCH2,1.9,I,2.25,1.25,NA
SPE-03,4,QUCH2,4.2,C,3.8,1.75,NA
SPE-03,4,QUCH2,2.6,I,3.5,1.75,NA
SPE-03,4,QUCH2,7.1,C,5,1.5,NA
SPE-03,4,QUCH2,6.5,C,5,1.75,NA
SPE-03,4,QUCH2,10.7,C,5.25,1.75,NA
SPE-03,4,QUCH2,8.1,C,6,1.5,NA
SPE-03,4,QUCH2,2.7,I,3.25,1,NA
SPE-03,4,QUCH2,2.9,C,2.75,0.75,NA
SPE-03,4,QUCH2,2.7,I,3.25,1.25,NA
SPE-03,4,QUCH2,3.4,C,3.8,1.5,NA
SPE-03,4,QUCH2,3.3,I,3,1.5,NA
SPE-03,4,QUCH2,4,C,3.5,1.25,NA
SPE-03,4,QUCH2,4.3,C,3.75,1.5,NA
SPE-03,4,QUCH2,5.2,C,4,2.75,NA
SPE-03,4,QUCH2,7.7,C,5.25,1.25,NA
SPE-03,4,QUCH2,2.5,I,3.5,1.5,NA
SPE-03,4,QUCH2,1.5,S,2.5,0.75,NA
SPE-03,7,QUKE,3.9,I,4,1,NA
SPE-03,7,QUKE,3.2,C,3.75,2,NA
SPE-03,7,QUCH2,7,C,4.25,1.4,NA
SPE-03,7,QUCH2,5.8,C,3.25,1.5,NA
SPE-03,7,QUKE,7.1,C,4,2.25,NA
SPE-03,7,QUCH2,5.5,C,4.25,1.25,NA
SPE-03,7,QUCH2,2.1,I,3.5,1.25,NA
SPE-03,7,QUKE,8.1,C,4.75,2.5,NA
SPE-03,7,QUCH2,2.1,I,3,1.75,NA
SPE-03,7,QUCH2,5.3,C,3.75,1.75,NA
SPE-04,2,NONE,NA,NA,NA,NA,NA
SPE-04,4,QUCH2,2.9,C,2,0.75,NA
SPE-04,4,QUCH2,2.7,C,2.5,1,NA
SPE-04,4,QUCH2,3,C,2.25,0.75,NA
SPE-04,4,QUCH2,1.5,C,1.75,1,NA
SPE-04,7,QUCH2,2,C,2.25,0.25,NA
SPE-04,7,QUCH2,4.2,I,2.75,0.75,NA
SPE-04,7,QUCH2,4,I,3,0.75,NA
HTL-01,3,QUCH2,1.7,I,2.25,1.5,"Small trees were sampled in subplots 3, 6, and 8 in this plot"
HTL-01,3,QUCH2,5.3,C,3.5,1,NA
HTL-01,3,ARME,3.7,I,4,2.5,NA
HTL-01,3,QUCH2,4.2,I,3.25,1.5,NA
HTL-01,3,PSME,7.4,C,4.5,1.25,NA
HTL-01,3,PSME,5.9,D,4.5,0.75,NA
HTL-01,3,QUCH2,5,I,2.75,1.5,NA
HTL-01,3,QUCH2,5.7,C,4,0.75,NA
HTL-01,3,QUCH2,2.5,S,2.5,1,NA
HTL-01,3,QUCH2,3.9,I,3.75,1.25,NA
HTL-01,3,QUCH2,5.9,I,2.25,1.25,NA
HTL-01,3,PSME,7.2,C,4.75,1.25,NA
HTL-01,3,PSME,4.1,C,3.6,1.25,NA
HTL-01,3,QUCH2,2.6,I,2.25,1,NA
HTL-01,3,QUCH2,2.8,S,3,1,NA
HTL-01,3,QUCH2,5,C,3.25,0.75,NA
HTL-01,3,QUCH2,5.6,C,4,1.25,NA
HTL-01,3,QUCH2,2.7,I,2.5,1.5,NA
HTL-01,3,PSME,6.1,C,4.25,1.25,NA
HTL-01,3,QUCH2,5.2,C,4,1,NA
HTL-01,6,QUCH2,2.1,S,2.5,1,"Small trees were sampled in subplots 3, 6, and 8 in this plot"
HTL-01,6,QUCH2,5.4,C,4,1.75,NA
HTL-01,6,PSME,6.7,C,4.5,1.75,NA
HTL-01,6,QUCH2,5.6,I,4.5,1.75,NA
HTL-01,6,ARME,6.2,I,4.25,1.5,NA
HTL-01,6,QUKE,4,I,4.25,2.5,NA
HTL-01,6,PSME,7.7,C,6.5,3.5,NA
HTL-01,6,QUCH2,4.6,I,3.75,1.5,NA
HTL-01,6,QUCH2,3.7,S,2.25,1.25,NA
HTL-01,6,PSME,11.5,D,7,2.75,NA
HTL-01,6,QUCH2,6.1,S,4,2,NA
HTL-01,6,ARME,4.4,S,3.75,2,NA
HTL-01,6,QUCH2,6.5,C,4,2,NA
HTL-01,6,QUCH2,4.5,I,3.75,1.5,NA
HTL-01,6,PSME,4.7,I,6.5,3.5,NA
HTL-01,6,QUCH2,2.9,S,2.25,1.5,NA
HTL-01,8,PSME,4.7,I,3.5,1.5,"Small trees were sampled in subplots 3, 6, and 8 in this plot"
HTL-01,8,QUCH2,2.6,I,3.75,1.75,NA
HTL-01,8,QUCH2,4.2,I,4,1.5,NA
HTL-01,8,QUCH2,4.6,I,3.25,2,NA
HTL-01,8,QUCH2,2.4,S,2.75,1.5,NA
HTL-01,8,QUCH2,5.3,I,4,2,NA
HTL-01,8,PSME,5.5,I,4,1.5,NA
HTL-01,8,ARME,8.9,I,4.25,2.75,NA
HTL-01,8,ARME,5.7,I,4.75,2.25,NA
HTL-01,8,QUCH2,4.5,I,4.5,1.5,NA
HTL-01,8,PSME,9.7,D,6.75,2.25,NA
HTL-01,8,QUCH2,7.7,C,4.25,2,NA
HTL-01,8,QUCH2,4,I,4,2.25,NA
HTL-01,8,QUCH2,5.2,C,4,1.5,NA
HTL-01,8,QUCH2,3.3,S,3,2,NA
HTL-01,8,QUCH2,2.4,S,2.75,1.75,NA
HTL-01,8,PSME,3,S,2.75,1.5,NA
HTL-01,8,ARME,7.8,C,5.75,2.5,NA
HTL-01,8,ARME,1.8,S,3,1.5,NA
HTL-01,8,QUCH2,5.9,I,4.25,1.5,NA
HTL-01,8,PSME,5.5,C,4.25,0.75,NA
HTL-01,8,QUCH2,4.8,C,4.25,1.75,NA
HTL-01,8,QUCH2,2.3,S,2.5,1.5,NA
HTL-01,8,QUCH2,2.6,S,2.75,1.75,NA
HTL-01,8,QUCH2,6.1,I,3.75,2,NA
HTL-01,8,QUCH2,1.7,S,2.5,1.5,NA
HTL-01,8,PSME,4.3,I,4,1.25,NA
HTL-01,8,ARME,10.7,C,5.25,3,NA
HTL-02,2,NONE,NA,NA,NA,NA,NA
HTL-02,4,QUCH2,4.5,C,3.25,0.75,NA
HTL-02,4,QUCH2,1.6,I,2.75,1.5,NA
HTL-02,4,QUCH2,1.6,S,2.5,1.75,NA
HTL-02,4,QUCH2,6.7,D,4.5,1.5,NA
HTL-02,4,QUCH2,3,C,2.5,1.5,NA
HTL-02,4,QUCH2,3.7,C,2.5,1.5,NA
HTL-02,4,QUCH2,2,I,2,1,NA
HTL-02,4,QUCH2,4.1,C,4.25,1.75,NA
HTL-02,4,QUCH2,4.3,C,4,1.75,NA
HTL-02,4,QUCH2,2.2,S,3,1.5,NA
HTL-02,4,QUCH2,2.7,C,1.75,1,NA
HTL-02,4,QUCH2,3.1,C,2.5,1,NA
HTL-02,4,QUCH2,3.4,C,2.5,1,NA
HTL-02,4,QUCH2,3.5,C,3.5,1.25,NA
HTL-02,4,QUCH2,2.1,S,2.75,1.75,NA
HTL-02,4,QUCH2,2.2,I,2.75,1.25,NA
HTL-02,4,QUCH2,1.7,C,1.5,0.5,NA
HTL-02,4,QUCH2,2.3,S,1.5,1.25,NA
HTL-02,4,QUCH2,2.4,S,2.25,0.75,NA
HTL-02,7,QUCH2,6.5,D,3.75,1.75,NA
HTL-02,7,QUCH2,4.5,I,3.75,1.75,NA
HTL-02,7,QUKE,2.5,S,2.25,2,NA
HTL-02,7,QUCH2,5.4,I,3,1.5,NA
HTL-02,7,QUCH2,3.5,S,2.75,1.75,NA
HTL-02,7,QUCH2,2.6,S,2.5,1.75,NA
HTL-02,7,QUCH2,1.6,S,2.25,1,NA
HTL-03,2,ARME,4.8,I,3.5,1.5,NA
HTL-03,2,QUCH2,5.3,I,3.25,1.25,NA
HTL-03,2,ARME,1.5,I,2.25,1.5,NA
HTL-03,2,ARME,3.2,C,2.75,1.25,NA
HTL-03,2,ARME,2.1,I,2,1.75,NA
HTL-03,2,QUCH2,4.3,I,3.75,1,NA
HTL-03,2,QUCH2,5.3,C,5,0.5,NA
HTL-03,2,QUCH2,3.2,S,3.5,1.25,NA
HTL-03,2,QUCH2,5.3,C,3.75,0.75,NA
HTL-03,2,QUCH2,8.4,C,5.5,0.75,NA
HTL-03,2,QUCH2,3.7,I,3.75,1,NA
HTL-03,2,ARME,2.6,S,3,0.75,NA
HTL-03,2,QUCH2,6.5,C,4,0.75,NA
HTL-03,2,ARME,2,I,2,1.25,NA
HTL-03,2,ARME,1.8,C,2.25,1.25,NA
HTL-03,2,ARME,1.8,I,2.25,2,NA
HTL-03,2,QUCH2,7.3,C,6.75,1.25,NA
HTL-03,2,QUCH2,8.6,D,6.75,1.25,NA
HTL-03,2,QUCH2,3.2,S,3.25,1,NA
HTL-03,2,QUCH2,9.2,C,5.5,1,NA
HTL-03,2,QUCH2,3.4,S,4.25,0.5,NA
HTL-03,2,QUCH2,4.3,S,2.75,1,NA
HTL-03,2,ARME,2.2,I,3.25,1.75,NA
HTL-03,2,QUCH2,6.5,C,4,1.25,NA
HTL-03,2,ARME,2.6,I,2.25,1.25,NA
HTL-03,2,ARME,1.5,I,2.25,1.25,NA
HTL-03,2,ARME,2,S,2.75,1,NA
HTL-03,2,QUCH2,3.9,I,3.75,0.5,NA
HTL-03,2,QUCH2,4.1,S,4,1,NA
HTL-03,2,QUCH2,5.2,C,5,0.5,NA
HTL-03,2,QUCH2,6.2,I,5.5,1,NA
HTL-03,2,QUCH2,6.4,I,5.5,0.5,NA
HTL-03,4,ARME,2.9,I,2.5,0.75,NA
HTL-03,4,PSME,2,I,2.25,0.5,NA
HTL-03,4,QUKE,8.9,D,6.25,0.75,NA
HTL-03,4,QUCH2,6.3,D,3.5,0.25,NA
HTL-03,4,ARME,3.3,C,3.5,1,NA
HTL-03,4,PIPO,3.2,I,2.75,1.5,NA
HTL-03,4,ARME,3.3,C,3.25,0.75,NA
HTL-03,4,PSME,8.7,D,5.5,0.25,NA
HTL-03,4,QUKE,8.1,D,7,0.75,NA
HTL-03,4,QUCH2,2.1,I,2.5,0.25,NA
HTL-03,4,ARME,3.8,C,2.75,0.75,NA
HTL-03,4,PSME,5.5,C,4.5,0.25,NA
HTL-03,4,QUKE,7,C,5,1,NA
HTL-03,7,ARME,5.5,I,3.75,1.25,NA
HTL-03,7,QUCH2,1.6,S,2.25,1,NA
HTL-03,7,PSME,6.4,D,6,1.5,NA
HTL-03,7,ARME,5.8,C,5.5,2.25,NA
HTL-03,7,ARME,4,C,4.75,2.25,NA
HTL-03,7,QUKE,5.1,C,6,1.75,NA
HTL-03,7,ARME,6.1,C,6,2.75,NA
HTL-03,7,ARME,5.2,C,4.5,1.75,NA
HTL-03,7,ARME,5.2,C,6.5,2,NA
HTL-03,7,PSME,2.8,I,4.5,1.75,NA
HTL-03,7,ARME,4.4,I,4.5,1.25,NA
HTL-03,7,ARME,3.8,I,3.5,1.25,NA
HTL-03,7,ARME,6.6,I,4.25,1.5,NA
HTL-03,7,PSME,2.3,S,3.25,0.5,NA
HTL-03,7,ARME,5.3,C,4,1.5,NA
HTL-03,7,QUCH2,7.3,D,5.25,1.25,NA
HTL-03,7,PSME,6.1,C,5.25,2,NA
HTL-03,7,ARME,4.7,I,4.5,3,NA
HTL-03,7,ARME,6.2,I,5.5,2.5,NA
HTL-03,7,ARME,4.8,S,3.75,1.75,NA
HTL-03,7,ARME,4.9,C,5,1.75,NA
HTL-03,7,ARME,4,S,4.5,2,NA
HTL-03,7,PSME,1.6,S,2.25,0.75,NA
HTL-03,7,ARME,2,I,3,1.25,NA
HTL-03,7,ARME,1.7,S,2.75,2.25,NA
HTL-03,7,ARME,4.1,C,4.25,2,NA
HTL-03,7,PSME,4,I,5,1.75,NA
HTL-03,7,ARME,2.7,S,3.5,2.25,NA
HTL-03,7,QUCH2,6,C,5.5,2.5,NA
HTL-03,7,PSME,2.7,S,2.75,1.5,NA
HTL-03,7,ARME,4.8,C,5.5,2.5,NA
HTL-03,7,ARME,5.2,I,5.75,2.25,NA
HTL-03,7,ARME,5.2,C,4.5,1.75,NA
HTL-03,7,ARME,3,S,3,1.5,NA
HTL-03,7,ARME,2.5,I,4.5,2.5,NA
HTL-03,7,PSME,8.8,D,6.5,2.25,NA
HTL-03,7,ARME,2.4,I,3.25,1.5,NA
HTL-03,7,ARME,3.5,I,3.5,1.75,NA
HTL-03,7,ARME,2.5,S,3,1.25,NA
HTL-04,2,PSME,4,I,4,0.5,NA
HTL-04,2,ACMA3,7.3,C,6.75,2,NA
HTL-04,2,ACMA3,5.3,D,6.5,2,NA
HTL-04,2,PSME,3.8,C,3.5,1,NA
HTL-04,2,QUCH2,1.6,I,2,0.25,NA
HTL-04,2,PSME,6,D,5,1,NA
HTL-04,2,PSME,2.9,I,3,0.75,NA
HTL-04,2,ARME,3.2,C,3.75,1,NA
HTL-04,2,PSME,2.6,S,3,0.5,NA
HTL-04,2,ACMA3,9.9,C,6.75,1,NA
HTL-04,2,ACMA3,4.9,I,4.5,2.25,NA
HTL-04,2,PSME,2.3,I,2.75,0.75,NA
HTL-04,2,PSME,3.6,I,3,0.5,NA
HTL-04,2,PSME,1.6,I,2,0.5,NA
HTL-04,2,PSME,2,S,2.5,0.75,NA
HTL-04,2,ACMA3,4.2,C,4.25,1,NA
HTL-04,2,PSME,4.9,C,4.25,0.75,NA
HTL-04,2,PSME,1.9,I,2.25,0.5,NA
HTL-04,4,PSME,5.1,C,4.25,1,NA
HTL-04,4,PSME,8.6,C,5.75,0.25,NA
HTL-04,4,PSME,4,I,3.75,1,NA
HTL-04,4,PSME,4.4,I,5.25,1,NA
HTL-04,4,ABCO,4.1,C,4,1.25,NA
HTL-04,4,QUCH2,5.9,C,4.25,1,NA
HTL-04,4,QUCH2,3.3,I,3,0.75,NA
HTL-04,4,ARME,4.4,C,4.25,1.5,NA
HTL-04,4,PSME,4.4,C,4.5,1,NA
HTL-04,4,PSME,7.8,D,6.75,1.35,NA
HTL-04,4,PSME,4,S,4.75,1,NA
HTL-04,4,PSME,2.7,I,3.25,0.75,NA
HTL-04,4,ABCO,3.2,I,4.5,1,NA
HTL-04,4,QUCH2,9,D,5.25,1.5,NA
HTL-04,4,ARME,8.4,D,7,1.25,NA
HTL-04,4,PSME,7.2,C,5.5,0.75,NA
HTL-04,4,PSME,2.7,I,2.75,1.25,NA
HTL-04,4,PSME,6,C,5.5,1.5,NA
HTL-04,4,PSME,4.3,S,4.75,1.25,NA
HTL-04,4,QUCH2,4.7,C,4,1,NA
HTL-04,4,ARME,6.1,C,6.5,3.25,NA
HTL-04,7,ARME,4,I,4.25,2,NA
HTL-04,7,PSME,3.1,I,3,1.25,NA
HTL-04,7,QUCH2,3.3,I,3.25,0.5,NA
HTL-04,7,QUCH2,3.4,I,3,1,NA
HTL-04,7,QUCH2,8.1,D,5,0.5,NA
HTL-04,7,QUCH2,4.1,C,4.25,1,NA
HTL-04,7,PSME,2.9,I,2.75,0.5,NA
HTL-04,7,QUCH2,2.5,S,2.75,1.25,NA
HTL-04,7,QUCH2,7.3,D,5.5,0.5,NA
HTL-04,7,PSME,2.5,I,2.75,0.75,NA
HTL-04,7,ARME,6.9,D,5,0.5,NA
HTL-04,7,PSME,3.6,D,4,0.75,NA
HTL-04,7,QUCH2,2.7,I,2.5,0.75,NA
HTL-04,7,QUCH2,2.4,I,3,0.75,NA
HTL-04,7,QUCH2,7.4,C,0.75,1.25,NA
HTL-04,7,QUCH2,3,S,3.5,1.25,NA
HTL-04,7,PSME,1.7,S,2.5,1,NA
HTL-04,7,QUCH2,4.2,S,3,0.75,NA
HTL-04,7,PSME,4.9,C,4.25,0.75,NA
HTL-04,7,PSME,4.3,C,3.5,1,NA
HTL-04,7,QUCH2,1.7,I,2.5,0.75,NA
HTL-04,7,QUCH2,3.8,C,3.5,0.25,NA
HTL-04,7,QUCH2,7.2,C,5,1,NA
HTL-04,7,QUCH2,1.6,S,2.5,1,NA
HTL-04,7,PSME,3,C,3.25,0.75,NA
HTL-04,7,QUCH2,11,D,6.75,1.75,NA
HTL-04,7,PSME,2.6,C,3.5,1,NA
STC-01,2,ARME,8.8,D,9,2.5,NA
STC-01,2,PSME,4.4,I,4.25,1.35,NA
STC-01,2,CHCH7,4.2,C,4.25,2.4,NA
STC-01,2,QUCH2,4.5,D,4.25,1.25,NA
STC-01,2,PSME,3.1,S,3,1.75,NA
STC-01,2,PSME,3.5,S,4.25,1.65,NA
STC-01,2,ARME,1.9,X,NA,NA,NA
STC-01,2,PSME,3.2,I,3.75,1.6,NA
STC-01,2,PSME,4.7,I,4,1.5,NA
STC-01,2,ARME,3.7,S,4.5,2.5,NA
STC-01,2,PSME,6.1,C,5,2,NA
STC-01,2,PSME,6.5,C,5.75,2.25,NA
STC-01,4,ARME,2.8,X,NA,NA,NA
STC-01,4,PSME,6.9,C,11,3,NA
STC-01,4,PSME,1.7,S,2.25,1.4,NA
STC-01,4,PSME,2.3,S,3,1.25,NA
STC-01,4,PSME,8.5,D,12,3.5,NA
STC-01,4,PSME,5.8,C,8,2.25,NA
STC-01,4,PSME,5.1,C,6,2,NA
STC-01,4,PSME,2.6,S,3.25,1.35,NA
STC-01,4,PSME,1.9,S,2.75,2,NA
STC-01,4,PSME,4.7,I,4.75,1.5,NA
STC-01,4,PSME,1.8,S,3,2.25,NA
STC-01,4,PSME,3.2,I,6,1.5,NA
STC-01,4,PSME,7.1,C,8.5,2.5,NA
STC-01,4,PSME,2.3,S,2.75,1,NA
STC-01,4,PSME,6.6,C,11.5,4,NA
STC-01,4,PSME,8.5,C,12.5,4,NA
STC-01,4,PSME,1.5,S,2.25,1.5,NA
STC-01,4,PSME,3.4,I,4.25,1.25,NA
STC-01,7,CHCH7,3.2,I,3.5,1,NA
STC-01,7,CHCH7,3.8,S,2.5,2,NA
STC-01,7,PSME,5.3,I,5.25,1.75,NA
STC-01,7,ABCO,3.2,I,2.75,1.75,NA
STC-01,7,CHCH7,2.9,C,3.5,1.75,NA
STC-01,7,CHCH7,2.4,S,3.25,1.75,NA
STC-01,7,CHCH7,3.7,I,2.5,2,NA
STC-01,7,PSME,3.1,I,2.75,1.75,NA
STC-01,7,CHCH7,6.8,C,5.25,2,NA
STC-01,7,CHCH7,7,C,5,1.75,NA
STC-01,7,PSME,1.8,S,2.15,1.75,NA
STC-01,7,ARME,4.6,I,3,2.25,NA
STC-01,7,PSME,5,D,3.75,1.5,NA
STC-01,7,QUCH2,5.8,C,5,2.25,NA
STC-01,7,PSME,2.4,S,4.75,1.5,NA
STC-01,7,PSME,4.9,D,4,1.75,NA
STC-01,7,QUCH2,4.8,C,5,2.25,NA
STC-01,7,PSME,6,C,5,1.75,NA
STC-01,7,PSME,2.3,S,4.75,1.5,NA
STC-01,7,PSME,2.2,S,2.3,1.5,NA
STC-02,2,PSME,2.7,I,3.75,1.5,NA
STC-02,2,ARME,2.5,I,3.75,2.5,NA
STC-02,2,PSME,4.5,I,4.75,1.75,NA
STC-02,2,PSME,9.1,C,7.25,2.5,NA
STC-02,2,PSME,3.2,I,3.75,1.75,NA
STC-02,2,QUCH2,3.3,S,2.5,1.25,NA
STC-02,2,PSME,5.1,I,5.25,1.75,NA
STC-02,2,PSME,3.6,I,4.75,1.25,NA
STC-02,2,PSME,5.9,C,5.25,2,NA
STC-02,2,ABCO,3.3,S,3,1,NA
STC-02,2,PSME,2.1,S,3.5,1.5,NA
STC-02,2,PSME,3.5,X,NA,NA,NA
STC-02,2,QUCH2,2.7,S,2.5,1.25,NA
STC-02,2,PSME,3,S,4.25,1.75,NA
STC-02,2,PSME,3.5,I,4.25,1.25,NA
STC-02,2,ARME,4.6,I,4,1.75,NA
STC-02,2,PSME,10.9,D,8.5,1.25,NA
STC-02,2,PSME,3.7,X,NA,NA,NA
STC-02,2,PSME,4.3,I,5,1.5,NA
STC-02,2,QUCH2,7.3,C,5,2,NA
STC-02,2,PSME,5.4,X,NA,NA,NA
STC-02,2,PSME,2,S,3,1.25,NA
STC-02,2,PSME,2.5,S,3.25,1.75,NA
STC-02,2,PSME,2.9,S,4.5,1.5,NA
STC-02,2,PSME,3.4,S,4.25,1.25,NA
STC-02,2,QUCH2,2,S,2.5,1.5,NA
STC-02,2,PSME,1.7,S,3,1,NA
STC-02,2,PSME,6,C,5.25,1.25,NA
STC-02,2,PSME,6.1,C,6,1.5,NA
STC-02,2,PSME,8.7,C,7,1.75,NA
STC-02,2,PSME,2.5,S,3,1.1,NA
STC-02,2,QUCH2,5.4,I,5,1.5,NA
STC-02,2,PSME,2.9,X,NA,NA,NA
STC-02,2,PSME,5.2,I,4,1.75,NA
STC-02,2,PSME,2.4,S,3.5,1.75,NA
STC-02,2,PSME,1.5,S,1.25,1,NA
STC-02,2,PSME,1.5,S,2,1,NA
STC-02,4,ARME,1.6,S,2.25,1.25,NA
STC-02,4,PSME,3.1,S,3.25,1.5,NA
STC-02,4,PSME,5.6,D,5.75,2,NA
STC-02,4,PSME,4,I,4.5,2.25,NA
STC-02,4,ARME,1.7,X,NA,NA,NA
STC-02,4,PSME,7.5,D,6,1.25,NA
STC-02,4,PSME,2.1,S,2.75,2,NA
STC-02,4,PSME,1.7,S,2.25,1.75,NA
STC-02,4,ARME,2.8,I,3,2,NA
STC-02,4,ARME,2.5,I,2.5,1.5,NA
STC-02,4,ARME,1.9,S,2.5,1.75,NA
STC-02,4,PSME,8.3,D,6.5,2,NA
STC-02,4,PSME,3,S,3.25,2,NA
STC-02,4,PSME,1.8,S,2.25,1,NA
STC-02,4,ARME,3.6,I,2.75,1.25,NA
STC-02,4,PSME,5.1,C,4.5,1.75,NA
STC-02,4,PSME,4.1,I,3.75,1.5,NA
STC-02,4,PSME,6.5,D,4.5,1.25,NA
STC-02,4,ARME,1.7,S,2,1.25,NA
STC-02,4,ARME,2.8,I,2.75,2,NA
STC-02,4,ARME,3.9,S,3.5,1.75,NA
STC-02,4,PSME,3.5,S,3.25,1.75,NA
STC-02,4,PSME,5.4,C,5,1.75,NA
STC-02,4,PSME,3.2,I,4,1.5,NA
STC-02,4,ARME,2.9,I,2.75,1.5,NA
STC-02,4,PSME,5.9,C,4,1.5,NA
STC-02,4,PSME,4.1,I,3.75,4.1,NA
STC-02,4,PSME,2.5,I,3,1,NA
STC-02,4,ARME,2.4,X,NA,NA,NA
STC-02,7,PSME,5.4,C,4.75,1.25,NA
STC-02,7,PSME,5.3,D,4.5,0.75,NA
STC-02,7,PSME,2.7,S,3.25,1,NA
STC-02,7,QUCH2,6.2,C,5.25,1.75,NA
STC-02,7,PSME,4,I,4.25,1,NA
STC-02,7,ARME,2.8,I,3,1,NA
STC-02,7,PSME,5.9,D,4.5,0.75,NA
STC-02,7,PSME,3.2,I,3,1.25,NA
STC-02,7,PSME,3.1,I,2.75,1,NA
STC-02,7,PSME,2.6,S,1.75,1,NA
STC-02,7,QUCH2,2.3,S,2.5,1.5,NA
STC-02,7,PSME,10.8,D,8.5,1,NA
STC-02,7,PSME,7.8,D,4.25,1.25,NA
STC-02,7,PSME,1.5,S,2.25,1.25,NA
STC-02,7,PSME,8.5,C,6.5,1.25,NA
STC-02,7,QUCH2,5.6,C,4,1,NA
STC-02,7,PSME,3.6,I,4,0.5,NA
HTL-10,2,QUCH2,7.8,D,6,1.75,NA
HTL-10,2,QUCH2,5.6,I,3.5,2,NA
HTL-10,2,ARME,4.4,S,3.75,1.75,NA
HTL-10,2,QUCH2,5.4,I,4.25,0.5,NA
HTL-10,2,QUCH2,7,C,4.5,1.25,NA
HTL-10,2,QUCH2,5.6,I,5,1.25,NA
HTL-10,2,QUCH2,4.8,I,3.75,2,NA
HTL-10,2,QUCH2,7,I,3.75,2,NA
HTL-10,2,QUCH2,5.2,C,3.5,0.5,NA
HTL-10,2,QUCH2,3,I,3,1,NA
HTL-10,2,QUCH2,11,D,6.25,2.25,NA
HTL-10,2,QUCH2,4.4,I,4.25,1.5,NA
HTL-10,2,QUCH2,7.2,C,4.75,1.75,NA
HTL-10,2,QUCH2,2.2,I,3.25,1,NA
HTL-10,4,QUCH2,10.7,C,5.75,3.5,NA
HTL-10,4,QUCH2,3,S,3.75,2.5,NA
HTL-10,4,QUCH2,4.7,I,4.75,2.25,NA
HTL-10,4,QUCH2,7,C,6.5,2.5,NA
HTL-10,4,QUKE,4,I,4.75,4,NA
HTL-10,4,QUCH2,7.3,C,4,2.25,NA
HTL-10,4,QUCH2,6.5,I,3.5,1.75,NA
HTL-10,4,QUCH2,7.2,C,4.75,1.5,NA
HTL-10,4,QUCH2,8.5,D,6.75,3.25,NA
HTL-10,4,QUCH2,6.4,I,5.75,3,NA
HTL-10,4,QUCH2,2.8,S,3.75,2.25,NA
HTL-10,4,QUCH2,8.7,C,6.75,2.25,NA
HTL-10,4,QUKE,6.8,D,4.5,2.25,NA
HTL-10,4,QUCH2,6.9,C,4.75,2.25,NA
HTL-10,4,QUCH2,9.3,C,6.5,1.75,NA
HTL-10,4,QUCH2,4.2,I,5.25,2.75,NA
HTL-10,4,QUCH2,2.5,S,3.25,2.75,NA
HTL-10,4,QUCH2,2.9,S,3.5,2,NA
HTL-10,4,QUCH2,7.6,C,4.5,2.25,NA
HTL-10,4,QUCH2,2.5,S,2.75,2.25,NA
HTL-10,4,QUCH2,8.4,C,6,2,NA
HTL-10,7,QUCH2,3,S,2.75,1,NA
HTL-10,7,QUCH2,2.3,C,3.5,0.5,NA
HTL-10,7,QUCH2,5.4,D,4,0.25,NA
HTL-10,7,QUCH2,2.4,S,2.75,1,NA
HTL-10,7,QUCH2,8.3,D,5,0.75,NA
HTL-10,7,QUCH2,11,C,6.75,2,NA
HTL-10,7,QUCH2,6.1,I,4,1.5,NA
HTL-10,7,QUCH2,4.6,I,4.25,1.75,NA
HTL-10,7,QUCH2,3.2,C,4,0.5,NA
HTL-10,7,QUCH2,8.9,D,6,0.75,NA
HTL-10,7,QUCH2,2,S,2.25,0.5,NA
HTL-10,7,QUCH2,3,I,3,0.75,NA
HTL-10,7,QUCH2,10.2,D,7,2,NA
HTL-10,7,QUCH2,3.6,S,3.5,2.25,NA
HTL-10,7,QUCH2,11.3,D,6.5,1.5,NA
HTL-10,7,QUCH2,2.9,C,3.75,0.5,NA
HTL-10,7,QUCH2,8.4,C,5.25,1,NA
HTL-10,7,QUCH2,2.7,I,2.75,0.75,NA
HTL-10,7,QUCH2,6.2,S,2.5,1.25,NA
HTL-10,7,QUCH2,10.3,C,6.75,2.25,NA
HTL-12,2,QUCH2,10,C,4.5,1.5,NA
HTL-12,2,ARME,3,I,3,1.5,NA
HTL-12,2,ARME,2.5,C,4.5,2,NA
HTL-12,2,ARME,2,S,2.25,1.5,NA
HTL-12,2,ARME,1.8,S,1.8,1.25,NA
HTL-12,2,QUCH2,5.3,C,4.25,1.5,NA
HTL-12,2,QUKE,6,D,4.25,2,NA
HTL-12,2,ARME,9,D,5,2.25,NA
HTL-12,2,QUCH2,4.8,C,4.5,1.4,NA
HTL-12,2,QUCH2,6.3,C,4.5,1.5,NA
HTL-12,2,ARME,3,C,4.25,1.75,NA
HTL-12,2,QUCH2,5.3,D,5,2.5,NA
HTL-12,2,QUCH2,1.9,S,2,1.5,NA
HTL-12,2,ARME,2.2,S,1.8,1.5,NA
HTL-12,2,ARME,3.3,C,3,2,NA
HTL-12,2,ARME,2.2,I,2.25,1.5,NA
HTL-12,2,ARME,2.9,I,2.25,1.2,NA
HTL-12,2,QUCH2,4,I,3.5,1.6,NA
HTL-12,2,ARME,2.1,I,2.75,1.75,NA
HTL-12,2,QUCH2,2.3,I,2.5,1.5,NA
HTL-12,2,QUCH2,7.2,D,5,2.5,NA
HTL-12,2,ARME,2.3,I,2.25,1.5,NA
HTL-12,2,QUCH2,2.6,C,3,1.25,NA
HTL-12,2,ARME,1.9,I,2.3,1.75,NA
HTL-12,2,ARME,1.9,I,2.1,1.3,NA
HTL-12,2,ARME,3.6,C,2.75,1.5,NA
HTL-12,2,ARME,1.9,C,2.4,1.5,NA
HTL-12,2,QUCH2,1.5,S,1.75,1.25,NA
HTL-12,2,ARME,1.9,I,2.4,1.75,NA
HTL-12,2,QUCH2,1.5,I,2.2,1.5,NA
HTL-12,2,QUCH2,2.7,I,2.5,2,NA
HTL-12,2,ARME,1.8,I,2.25,1.5,NA
HTL-12,4,QUKE,5.6,C,5,2.5,NA
HTL-12,4,PSME,4.7,C,4.25,1.5,NA
HTL-12,4,QUCH2,2,S,2.25,0.5,NA
HTL-12,4,QUCH2,3.7,C,4.25,1.5,NA
HTL-12,4,QUCH2,4.6,C,3.75,0.75,NA
HTL-12,4,QUCH2,2.8,X,NA,NA,NA
HTL-12,4,QUCH2,3.1,I,2.25,1.25,NA
HTL-12,4,QUCH2,3.1,C,3.25,1,NA
HTL-12,4,QUCH2,2.5,I,3,1.5,NA
HTL-12,4,QUCH2,2.2,I,2.5,1.25,NA
HTL-12,4,QUCH2,7.1,C,4.25,1.5,NA
HTL-12,4,ARME,5,C,4.5,1.5,NA
HTL-12,4,QUKE,2.3,X,NA,NA,NA
HTL-12,4,QUKE,4.6,I,3.25,1.5,NA
HTL-12,4,QUKE,5.9,C,5.25,2.5,NA
HTL-12,4,PSME,2.6,I,3,1.25,NA
HTL-12,4,QUCH2,1.7,S,2.75,1.5,NA
HTL-12,4,QUCH2,3.9,I,3.75,1,NA
HTL-12,4,QUCH2,3.3,C,4,1.25,NA
HTL-12,4,QUCH2,5.7,I,3,1.25,NA
HTL-12,4,QUCH2,3.2,S,3,1.25,NA
HTL-12,4,QUCH2,3,C,3,0.75,NA
HTL-12,4,QUCH2,2.1,I,3.25,1.25,NA
HTL-12,4,QUCH2,3.8,C,4,1.75,NA
HTL-12,4,QUCH2,1.7,S,2.5,1.75,NA
HTL-12,4,ARME,2.1,I,3.25,1.25,NA
HTL-12,4,QUKE,3,X,NA,NA,NA
HTL-12,4,QUKE,7,D,5.75,2,NA
HTL-12,4,QUKE,6.8,C,5.25,1.25,NA
HTL-12,4,PSME,3.4,I,3,1,NA
HTL-12,4,QUCH2,2.4,I,2.5,1,NA
HTL-12,4,QUCH2,1.5,S,2.25,1,NA
HTL-12,4,QUCH2,2.1,I,2.5,1,NA
HTL-12,4,QUCH2,2.2,S,2,1,NA
HTL-12,4,QUCH2,1.5,S,2.75,1,NA
HTL-12,4,QUCH2,5.4,C,4,1.5,NA
HTL-12,4,QUCH2,6,C,4.25,1.25,NA
HTL-12,4,QUCH2,6.4,C,4.25,1.25,NA
HTL-12,4,QUCH2,2.1,S,2.25,1.25,NA
HTL-12,4,ARME,1.7,I,2.5,1.25,NA
HTL-12,4,QUKE,4.9,S,5.25,2,NA
HTL-12,4,QUKE,2.8,X,NA,NA,NA
HTL-12,4,QUKE,6.7,C,5.25,1.25,NA
HTL-12,4,ARME,2.4,I,2.75,1.5,NA
HTL-12,4,PSME,5.8,D,5.75,1.75,NA
HTL-12,4,QUCH2,4.1,C,4,1.5,NA
HTL-12,4,QUKE,5.4,C,4.5,2.25,NA
HTL-12,4,ARME,2.2,I,2.25,1.25,NA
HTL-12,4,PSME,4.8,C,3.75,1.25,NA
HTL-12,4,QUCH2,2.3,S,2.75,1.5,NA
HTL-12,4,QUCH2,3.9,C,3,1.15,NA
HTL-12,7,PSME,7,C,5.5,1.25,NA
HTL-12,7,ARME,1.9,I,2.4,1.6,NA
HTL-12,7,ARME,5.2,C,4.5,4,NA
HTL-12,7,PSME,1.6,S,2.3,0.5,NA
HTL-12,7,ARME,1.7,X,NA,NA,NA
HTL-12,7,ARME,6.9,I,5.25,3,NA
HTL-12,7,ARME,2.3,X,NA,NA,NA
HTL-12,7,ARME,2.2,X,NA,NA,NA
HTL-12,7,PSME,3,I,3.25,1,NA
HTL-12,7,ARME,3.2,I,3.25,2.75,NA
HTL-12,7,ARME,10.6,C,6.5,4,NA
HTL-12,7,PSME,4.2,I,5.25,1.75,NA
HTL-12,7,ARME,5.5,I,5,3,NA
HTL-12,7,ARME,6.4,C,5.5,2,NA
HTL-12,7,ARME,3.4,X,NA,NA,NA
HTL-12,7,PSME,3.4,S,3.25,1.1,NA
HTL-12,7,ARME,7,C,4.5,3,NA
HTL-12,7,ARME,6.9,C,5.5,4.5,NA
HTL-12,7,PSME,7.4,D,5.5,1.8,NA
HTL-12,7,ARME,9.3,D,8,4.5,NA
HTL-12,7,ARME,10.5,D,6,4.5,NA
HTL-12,7,ARME,1.5,X,NA,NA,NA
HTL-12,7,ARME,11.1,D,8,2.5,NA
HTL-12,7,PSME,8.4,D,6,1.5,NA
HTL-12,7,QUKE,7.3,D,5.5,2.25,NA
HTL-12,7,QUCH2,2.3,I,2.75,1.75,NA
HTL-12,7,QUCH2,1.8,S,2.3,1.3,NA
HTL-12,7,QUCH2,5.1,C,4.5,2,NA
HTL-12,7,QUCH2,7.7,D,4.5,2.25,NA
HTL-12,7,PSME,3.3,C,3.25,1.5,NA
HTL-12,7,QUCH2,3.4,I,3,1.75,NA
HTL-12,7,QUCH2,4.4,D,4.25,1.5,NA
HTL-12,7,QUCH2,2.2,I,3,2,NA
HTL-12,7,QUCH2,4.5,D,3,1.8,NA
HTL-12,7,QUCH2,2,S,2.75,1.75,NA
HTL-12,7,QUCH2,1.9,C,3.75,2.25,NA
BWU-01,2,NONE,NA,NA,NA,NA,NA
BWU-01,4,NONE,NA,NA,NA,NA,NA
BWU-01,7,NONE,NA,NA,NA,NA,NA
BWU-02,2,NONE,NA,NA,NA,NA,NA
BWU-02,4,NONE,NA,NA,NA,NA,NA
BWU-02,7,QUKE,2.6,C,3.75,1.5,NA
BWU-02,7,QUKE,6.7,X,NA,NA,NA
BWU-02,7,QUKE,3.5,I,3,1.5,NA
BWU-02,7,QUKE,2.1,I,1,1.75,NA
BWU-02,7,QUKE,4.4,C,3,1,NA
BWU-02,7,QUKE,2.5,I,3,1.25,NA
BWU-02,7,QUKE,6.2,D,3.75,1.25,NA
BWU-02,7,QUKE,3.6,D,4,2.5,NA
BWU-02,7,QUKE,5.4,D,4.25,1.5,NA
BWU-02,7,QUKE,4.6,D,4.25,1.5,NA
HCS-02,3,QUCH2,1.7,C,2.15,0.75,"Small trees were sampled in subplots 3, 5, and 7 in this plot"
HCS-02,3,QUCH2,2.2,C,2.75,0.75,NA
HCS-02,3,QUCH2,4.9,D,4.25,0.75,NA
HCS-02,5,LIDE3,5.7,C,4.25,1.25,"Small trees were sampled in subplots 3, 5, and 7 in this plot"
HCS-02,5,QUCH2,6.1,D,5,0.5,NA
HCS-02,5,QUCH2,5.7,C,5,1.25,NA
HCS-02,5,QUCH2,3.7,I,3.5,1,NA
HCS-02,5,LIDE3,7.3,C,4.75,1,NA
HCS-02,5,QUCH2,5.9,C,3.5,0.5,NA
HCS-02,5,QUCH2,9.4,C,5,1.75,NA
HCS-02,5,QUCH2,1.5,S,3,0.5,NA
HCS-02,5,QUCH2,6.3,C,5,1.5,NA
HCS-02,7,QUCH2,1.8,I,2,0.5,"Small trees were sampled in subplots 3, 5, and 7 in this plot"
HCS-02,7,QUCH2,5.6,D,4.5,0.75,NA
HCS-02,7,ARME,3.9,C,4,1.5,NA
HCS-02,7,QUCH2,2.9,C,4,1,NA
HCS-02,7,QUCH2,5.7,D,4.25,1,NA
HCS-02,7,QUCH2,3.5,C,3.75,1,NA
HCS-02,7,QUCH2,2.3,S,2,1,NA
HCS-02,7,QUCH2,2.3,I,3,0.75,NA
HCS-02,7,QUCH2,1.8,I,3.5,1,NA
HCS-04,2,PSME,2.7,C,2.75,0.5,NA
HCS-04,2,PSME,3.4,C,3,0.5,NA
HCS-04,2,ARME,3.2,D,3,1.1,NA
HCS-04,2,PSME,2.1,C,2.75,0.75,NA
HCS-04,2,LIDE3,2.8,C,3.25,0,NA
HCS-04,2,LIDE3,1.6,I,2.4,0.25,NA
HCS-04,2,ARME,1.5,D,2.2,0.75,NA
HCS-04,2,PSME,3.8,D,3.25,0.5,NA
HCS-04,2,PSME,1.8,C,2.3,0.25,NA
HCS-04,2,LIDE3,4.2,D,3.25,0.5,NA
HCS-04,2,LIDE3,5.3,C,3,0.75,NA
HCS-04,2,CONU4,2.5,D,2.75,0.5,NA
HCS-04,2,CONU4,1.8,I,2.25,1,NA
HCS-04,2,LIDE3,3.6,C,3.5,1,NA
HCS-04,2,PSME,2.4,C,2.75,0.25,NA
HCS-04,2,PSME,3.9,C,3.5,0.5,NA
HCS-04,2,ARME,2.3,C,2.5,1,NA
HCS-04,2,PSME,2.1,C,2.5,0.5,NA
HCS-04,2,LIDE3,3.7,C,3,0.75,NA
HCS-04,2,LIDE3,2.5,I,2.5,0.25,NA
HCS-04,2,PSME,2.3,I,2.5,0.75,NA
HCS-04,2,LIDE3,3.5,C,2.6,0.25,NA
HCS-04,2,CONU4,4.5,C,2.6,0.5,NA
HCS-04,2,LIDE3,5.8,C,3.6,0.25,NA
HCS-04,2,PSME,2,C,2.3,0.25,NA
HCS-04,2,PSME,3.2,C,3.25,0.6,NA
HCS-04,2,ARME,4,C,3,1.25,NA
HCS-04,2,PSME,1.6,C,2,0.5,NA
HCS-04,2,LIDE3,2.1,C,2.3,0.75,NA
HCS-04,2,LIDE3,3.7,D,2.5,0.6,NA
HCS-04,2,PSME,2.3,I,2.6,0.5,NA
HCS-04,2,LIDE3,3.4,C,2.75,0.5,NA
HCS-04,2,CONU4,1.7,C,2.3,0.8,NA
HCS-04,2,LIDE3,2.4,C,3,0.25,NA
HCS-04,4,PSME,1.7,I,2.25,0.25,NA
HCS-04,4,LIDE3,2.5,C,2.5,0.5,NA
HCS-04,4,LIDE3,2,I,2.25,1,NA
HCS-04,4,CHCH7,1.5,I,2.25,1.5,NA
HCS-04,4,CHCH7,3.3,C,3.5,1.5,NA
HCS-04,4,CHCH7,1.7,I,2.5,1.25,NA
HCS-04,4,LIDE3,3.2,I,3.25,1.25,NA
HCS-04,4,PSME,1.5,I,2.25,0.25,NA
HCS-04,4,LIDE3,3.2,C,2.75,1.25,NA
HCS-04,4,LIDE3,6.8,D,4.5,2,NA
HCS-04,4,PSME,1.8,I,2.75,0.5,NA
HCS-04,4,LIDE3,2.6,C,2.5,1,NA
HCS-04,4,LIDE3,5,D,4,0.75,NA
HCS-04,4,CHCH7,3.4,D,3,1,NA
HCS-04,4,CHCH7,5.4,D,4.25,1.5,NA
HCS-04,4,CHCH7,2,I,2,1,NA
HCS-04,4,LIDE3,1.8,C,2.5,0.5,NA
HCS-04,4,PSME,1.7,I,2.25,0.25,NA
HCS-04,4,LIDE3,7.2,D,5,1.75,NA
HCS-04,4,LIDE3,5.3,D,4.25,2.25,NA
HCS-04,4,PSME,1.5,I,2.25,0.25,NA
HCS-04,4,LIDE3,2.6,C,2.75,1.25,NA
HCS-04,4,LIDE3,2.1,I,2.5,1,NA
HCS-04,4,CHCH7,1.9,I,2.5,1.25,NA
HCS-04,4,CHCH7,3.8,C,3.25,1.5,NA
HCS-04,4,LIDE3,3.6,C,3,1,NA
HCS-04,4,PSME,1.7,I,2.25,0.5,NA
HCS-04,4,LIDE3,3.7,D,4.25,1.75,NA
HCS-04,4,LIDE3,3.5,C,3.75,1,NA
HCS-04,4,LIDE3,3,C,3.25,1.25,NA
HCS-04,4,LIDE3,3.6,C,3.5,1,NA
HCS-04,4,LIDE3,4.6,D,4,1.5,NA
HCS-04,7,PSME,2.2,C,3,0.25,NA
HCS-04,7,PSME,3.6,D,3.75,0.5,NA
HCS-04,7,LIDE3,3.1,C,3.25,1.5,NA
HCS-04,7,LIDE3,2.4,C,2.5,0.25,NA
HCS-04,7,LIDE3,3.7,C,3,0.75,NA
HCS-04,7,LIDE3,2.3,I,2.5,1,NA
HCS-04,7,LIDE3,5.5,D,4.25,1.5,NA
HCS-04,7,PSME,1.6,I,2.25,0.5,NA
HCS-04,7,CHCH7,1.8,I,2.5,1.25,NA
HCS-04,7,PSME,1.6,I,2.25,0.25,NA
HCS-04,7,PSME,2.2,C,3.25,0.5,NA
HCS-04,7,SALIX,1.7,C,3,1.25,NA
HCS-04,7,ARME,1.8,I,2.5,0.5,NA
HCS-04,7,PSME,2,C,3,0.5,NA
HCS-04,7,PSME,3,D,3.75,0.25,NA
HCS-04,7,PSME,3,D,3.25,0.5,NA
HCS-04,7,LIDE3,2.9,D,3,1.25,NA
HCS-04,7,LIDE3,5.2,D,3.75,0.5,NA
HCS-04,7,LIDE3,4.7,D,4,1,NA
HCS-04,7,LIDE3,4,C,2.75,1,NA
HCS-04,7,LIDE3,3.5,D,3.25,1.25,NA
HCS-04,7,CHCH7,2,I,2.25,1.5,NA
HCS-04,7,PSME,2.1,I,2.25,0.5,NA
HCS-04,7,PSME,1.5,I,2.25,0.5,NA
HCS-04,7,SALIX,1.9,I,2.75,1.5,NA
HCS-04,7,PSME,2.1,I,2.25,0.5,NA
HCS-04,7,PSME,2.8,C,3.5,0.25,NA
HCS-04,7,PSME,2.3,C,3.25,0.5,NA
HCS-04,7,LIDE3,2.6,C,2.75,1,NA
HCS-04,7,LIDE3,2,I,2.25,0.75,NA
HCS-04,7,LIDE3,4.4,D,4.25,1.75,NA
HCS-04,7,LIDE3,4.1,C,3.25,1,NA
HCS-04,7,LIDE3,3.5,C,3.75,1.5,NA
HCS-04,7,CHCH7,4.1,C,3.5,1.5,NA
HCS-04,7,PSME,2.1,I,2.5,0.25,NA
HCS-04,7,PSME,3.2,C,3.5,0.75,NA
HCS-04,7,PSME,2.1,I,2.5,0.5,NA
HCS-06,2,LIDE3,3,D,2.75,0.75,NA
HCS-06,2,QUCH2,2.2,I,2.75,0.75,NA
HCS-06,2,QUCH2,2.7,C,3.5,1.25,NA
HCS-06,2,ARME,1.8,S,2.25,1,NA
HCS-06,2,LIDE3,3.5,I,4,1.75,NA
HCS-06,2,LIDE3,5.5,C,4.75,2,NA
HCS-06,2,LIDE3,2.7,I,3.25,3,NA
HCS-06,2,QUCH2,1.5,D,2.5,1.5,NA
HCS-06,2,LIDE3,3.2,C,4,1,NA
HCS-06,2,LIDE3,1.7,C,2,0.5,NA
HCS-06,2,QUCH2,3.5,C,3,1.25,NA
HCS-06,2,QUCH2,1.7,C,2.75,0.75,NA
HCS-06,2,LIDE3,3.1,I,4,2,NA
HCS-06,2,LIDE3,2.1,I,2.75,1.75,NA
HCS-06,2,LIDE3,2.3,C,3.25,1.75,NA
HCS-06,2,LIDE3,1.7,C,2.25,0.5,NA
HCS-06,2,LIDE3,2.6,C,3.25,0.75,NA
HCS-06,2,QUCH2,2.5,I,2.5,1.25,NA
HCS-06,2,QUCH2,3.6,C,3.25,0.75,NA
HCS-06,2,LIDE3,4.6,C,4.5,2,NA
HCS-06,2,LIDE3,2.2,I,2.75,1.25,NA
HCS-06,2,LIDE3,1.8,C,3.25,1.75,NA
HCS-06,2,LIDE3,1.7,D,2.76,0.5,NA
HCS-06,4,QUCH2,2.3,I,3,1.25,NA
HCS-06,4,QUCH2,1.7,I,3,2,NA
HCS-06,4,ARME,4.1,C,2.75,1.25,NA
HCS-06,4,QUCH2,3,I,3.25,1.25,NA
HCS-06,4,LIDE3,4.2,C,4.5,1.25,NA
HCS-06,4,LIDE3,1.9,I,3,0.5,NA
HCS-06,4,QUCH2,4.3,C,3.25,1,NA
HCS-06,4,LIDE3,4.1,I,4,1.25,NA
HCS-06,4,LIDE3,7.8,C,6.5,1,NA
HCS-06,4,LIDE3,6.1,C,6,1.25,NA
HCS-06,4,QUCH2,1.5,I,3.75,1.25,NA
HCS-06,4,QUCH2,2.9,I,3,1.25,NA
HCS-06,4,ARME,4.6,D,4,1.25,NA
HCS-06,4,QUCH2,1.6,I,2.5,1.25,NA
HCS-06,4,LIDE3,2.6,D,4,0.5,NA
HCS-06,4,LIDE3,2,S,3,0.5,NA
HCS-06,4,QUCH2,4.3,C,3.25,1,NA
HCS-06,4,LIDE3,7.6,D,6.25,1.5,NA
HCS-06,4,LIDE3,5.7,C,6.25,0.5,NA
HCS-06,4,QUCH2,4.4,I,3.75,1.25,NA
HCS-06,4,QUCH2,2.1,I,3.25,1,NA
HCS-06,4,ARME,7,D,4.75,1.25,NA
HCS-06,4,QUCH2,2.1,S,3.25,1,NA
HCS-06,4,LIDE3,2.4,I,3.75,0.5,NA
HCS-06,4,LIDE3,1.6,C,2,0.25,NA
HCS-06,4,LIDE3,4.4,C,5,1,NA
HCS-06,4,LIDE3,2.3,I,3.25,1,NA
HCS-06,7,LIDE3,3.9,I,4.5,1.75,NA
HCS-06,7,LIDE3,2.7,S,3.25,1.5,NA
HCS-06,7,LIDE3,5.9,C,6.5,1.5,NA
HCS-06,7,LIDE3,2.2,S,2.5,1,NA
HCS-06,7,LIDE3,5.2,C,6,1.75,NA
HCS-06,7,QUCH2,3.2,D,4.5,1.25,NA
HCS-06,7,QUCH2,1.7,I,2.75,1,NA
HCS-06,7,QUCH2,3.1,C,4.25,1,NA
HCS-06,7,ARME,2.3,I,3,1.5,NA
HCS-06,7,QUCH2,2.1,C,2.25,0.5,NA
HCS-06,7,QUCH2,2.8,S,2.5,1,NA
HCS-06,7,LIDE3,3.2,I,5.25,1.5,NA
HCS-06,7,LIDE3,3.4,S,5.25,1.75,NA
HCS-06,7,LIDE3,9.6,D,8,2,NA
HCS-06,7,LIDE3,2.5,C,2.25,1.25,NA
HCS-06,7,QUCH2,2.2,I,3.75,1.5,NA
HCS-06,7,QUCH2,1.6,I,3.25,1.25,NA
HCS-06,7,QUCH2,4.5,C,4.25,0.75,NA
HCS-06,7,ARME,4.5,D,4.5,1.25,NA
HCS-06,7,QUCH2,2.4,I,3,0.5,NA
HCS-06,7,QUCH2,2,S,2.25,0.5,NA
HCS-06,7,LIDE3,10.4,C,6.5,1.75,NA
HCS-06,7,LIDE3,3.1,I,5.5,0.75,NA
HCS-06,7,LIDE3,8.8,C,7.75,1.75,NA
HCS-06,7,LIDE3,5.8,C,6,1.25,NA
HCS-06,7,QUCH2,3.2,C,4,1.5,NA
HCS-06,7,QUCH2,4.7,D,4.5,0.5,NA
HCS-06,7,QUCH2,5.2,D,4.5,1.25,NA
HCS-06,7,ARME,4.6,D,4.75,1.25,NA
HCS-06,7,QUCH2,3.3,I,3,1,NA
HCS-06,7,QUCH2,2.4,D,3.25,0.5,NA
ORL-01,2,ARME,8.5,D,5.25,0.75,NA
ORL-01,2,LIDE3,2.6,C,3.25,0.5,NA
ORL-01,2,LIDE3,8.2,X,NA,NA,NA
ORL-01,2,QUCH2,2.1,I,2.25,0.5,NA
ORL-01,2,ARME,8.1,D,5.5,1.25,NA
ORL-01,2,ARME,2.8,X,NA,NA,NA
ORL-01,2,LIDE3,2.5,C,2.5,0.75,NA
ORL-01,2,ARME,5.1,X,NA,NA,NA
ORL-01,2,LIDE3,3.5,C,3,0.5,NA
ORL-01,2,LIDE3,2.1,C,3,0.5,NA
ORL-01,2,ARME,7.1,C,6.25,2.25,NA
ORL-01,2,LIDE3,2.7,X,NA,NA,NA
ORL-01,2,ARME,2.9,C,3,1,NA
ORL-01,2,LIDE3,2.1,I,2.5,0.5,NA
ORL-01,2,LIDE3,1.9,C,2.75,0.75,NA
ORL-01,2,ARME,7,C,6,2,NA
ORL-01,2,LIDE3,2.5,C,3,0.5,NA
ORL-01,4,LIDE3,3.7,C,4.25,2,NA
ORL-01,4,LIDE3,3,I,3.75,1.5,NA
ORL-01,4,LIDE3,1.8,S,3.25,1,NA
ORL-01,4,LIDE3,1.5,S,2.25,1.5,NA
ORL-01,4,LIDE3,3,I,4,1.25,NA
ORL-01,4,LIDE3,2.6,I,2.75,1.25,NA
ORL-01,4,LIDE3,2,I,3.5,1,NA
ORL-01,4,LIDE3,6.8,D,5.5,1.6,NA
ORL-01,4,LIDE3,2.2,C,3,1.25,NA
ORL-01,4,LIDE3,4.3,C,4,1.5,NA
ORL-01,4,LIDE3,2.1,I,2.75,1.25,NA
ORL-01,4,LIDE3,4.3,D,4,1,NA
ORL-01,4,LIDE3,1.7,C,2.75,0.75,NA
ORL-01,4,LIDE3,2.9,I,2.25,1,NA
ORL-01,4,LIDE3,2.9,C,4,1.5,NA
ORL-01,4,LIDE3,3.9,C,3.75,1.5,NA
ORL-01,4,LIDE3,1.8,S,3,1.25,NA
ORL-01,4,LIDE3,4.5,C,4.75,1.5,NA
ORL-01,4,LIDE3,2.6,I,2.75,1,NA
ORL-01,4,LIDE3,3.3,C,3.25,1.35,NA
ORL-01,4,LIDE3,5.2,C,5,1.5,NA
ORL-01,4,LIDE3,3.1,I,3.75,1.25,NA
ORL-01,4,LIDE3,1.8,I,2.75,1,NA
ORL-01,4,LIDE3,3.1,C,4,1.5,NA
ORL-01,4,LIDE3,1.7,I,2.5,1,NA
ORL-01,4,LIDE3,2.5,I,3.25,1.75,NA
ORL-01,4,LIDE3,2.9,C,2.25,1,NA
ORL-01,4,LIDE3,3.8,X,NA,NA,NA
ORL-01,4,LIDE3,4.3,C,4,1.75,NA
ORL-01,4,LIDE3,2.5,I,4,1.25,NA
ORL-01,4,LIDE3,1.6,S,3,1.5,NA
ORL-01,4,LIDE3,6.4,D,5.75,2,NA
ORL-01,4,LIDE3,2.6,I,3.5,1.25,NA
ORL-01,4,LIDE3,3.6,C,4.25,1.25,NA
ORL-01,4,LIDE3,2.5,C,4.75,1.75,NA
ORL-01,4,LIDE3,1.6,I,2.25,1.35,NA
ORL-01,4,LIDE3,4.1,D,4,1.75,NA
ORL-01,4,LIDE3,2.9,C,3.75,1.25,NA
ORL-01,4,LIDE3,2.8,C,3,1.25,NA
ORL-01,4,LIDE3,2,I,2.75,1.5,NA
ORL-01,4,LIDE3,4.2,C,4.25,1,NA
ORL-01,4,LIDE3,1.5,I,2,1,NA
ORL-01,4,PSME,7.8,D,6,1.25,NA
ORL-01,7,LIDE3,3,I,3.25,0.5,NA
ORL-01,7,LIDE3,3.6,I,4.25,0.75,NA
ORL-01,7,LIDE3,2.1,I,2.75,0.5,NA
ORL-01,7,ACMA3,2,D,2.5,0.5,NA
ORL-01,7,ACMA3,1.6,C,2.75,0.75,NA
ORL-01,7,LIDE3,3.4,C,3,0.75,NA
ORL-01,7,LIDE3,2.2,C,2.75,0.5,NA
ORL-01,7,LIDE3,3.3,C,3.75,0.5,NA
ORL-01,7,LIDE3,2.1,I,3.25,0.5,NA
ORL-01,7,LIDE3,5.5,C,4.5,0.5,NA
ORL-01,7,LIDE3,3.9,S,3.75,1,NA
ORL-01,7,ACMA3,1.6,D,2.75,0.5,NA
ORL-01,7,ACMA3,1.8,I,2.5,1,NA
ORL-01,7,LIDE3,3.2,C,3.75,1,NA
ORL-01,7,LIDE3,1.9,C,3,0.75,NA
ORL-01,7,LIDE3,3.1,C,3.5,0.5,NA
ORL-01,7,LIDE3,5,C,4,0.5,NA
ORL-01,7,LIDE3,3.8,I,4,0.5,NA
ORL-01,7,LIDE3,2.5,I,3,0.5,NA
ORL-01,7,ACMA3,2.1,C,3,1,NA
ORL-01,7,LIDE3,2.4,C,3.5,0.75,NA
ORL-01,7,LIDE3,1.9,C,2.75,0.75,NA
PTR-02,3,CHCH7,2.3,D,2.3,0.25,NA
PTR-02,3,QUKE,3,C,3.25,1,NA
PTR-02,3,QUKE,3.4,C,4.25,0.75,NA
PTR-02,3,QUKE,6.3,D,5,0,NA
PTR-02,3,CHCH7,2.7,D,2.3,0,NA
PTR-02,3,QUKE,3.2,C,4.5,0.5,NA
PTR-02,3,QUKE,4.7,C,4,0.75,NA
PTR-02,3,QUKE,1.5,S,2,0.5,NA
PTR-02,3,QUKE,2.7,C,3,0,NA
PTR-02,3,QUKE,3.3,C,2.75,0,NA
PTR-02,5,CHCH7,1.9,C,2.3,0,NA
PTR-02,5,CHCH7,1.5,C,2.3,0,NA
PTR-02,5,CHCH7,1.5,C,2.2,0,NA
PTR-02,5,CHCH7,1.6,C,2.25,0,NA
PTR-02,5,CHCH7,2,C,2.25,0.5,NA
PTR-02,5,CHCH7,2.2,D,2.25,0,NA
PTR-02,5,CHCH7,1.6,C,2.4,0,NA
PTR-02,5,CHCH7,1.5,C,2.25,0,NA
PTR-02,5,CHCH7,1.7,C,2.25,0,NA
PTR-02,5,CHCH7,2,C,2.5,0,NA
PTR-02,5,CHCH7,2.2,C,2.25,0.5,NA
PTR-02,5,CHCH7,1.7,C,2.3,0.25,NA
PTR-02,5,CHCH7,1.6,C,2.5,0,NA
PTR-02,5,CHCH7,1.6,C,2.4,0,NA
PTR-02,5,CHCH7,1.7,C,2.25,0,NA
PTR-02,5,CHCH7,1.8,C,2.3,0,NA
PTR-02,5,CHCH7,2.9,C,2.5,0.25,NA
PTR-02,5,CHCH7,1.8,C,2.5,0.5,NA
PTR-02,8,CHCH7,1.7,C,2,0,NA
PTR-02,8,CHCH7,1.9,C,2,0,NA
PTR-02,8,CHCH7,1.6,C,2,0,NA
PTR-02,8,CHCH7,1.8,D,2.25,0,NA
PTR-02,8,PSME,11.6,X,NA,NA,NA
PTR-02,8,CHCH7,1.9,D,2.5,0,NA
PTR-02,8,CHCH7,2,C,2,0,NA
PTR-02,8,CHCH7,1.6,C,2,0,NA
PTR-02,8,CHCH7,1.6,C,1.75,0,NA
PTR-02,8,CHCH7,2.1,D,2.75,0,NA
PTR-02,8,CHCH7,1.7,C,2.25,0,NA
PTR-02,8,CHCH7,2.6,D,2.25,0,NA
PTR-02,8,CHCH7,1.6,D,2.25,0,NA
PTR-02,8,CHCH7,1.8,D,2.25,0,NA
PTR-02,8,CHCH7,1.6,C,2,0,NA
JCK-01,2,PIAT,4.4,C,4,1.75,NA
JCK-01,2,PIAT,6.5,D,4,1.75,NA
JCK-01,2,PIAT,6.8,C,4.75,2,NA
JCK-01,2,PIAT,7.1,I,4.5,2.25,NA
JCK-01,2,CHCH7,2.1,S,2.75,1,NA
JCK-01,2,PIAT,4.9,I,4.75,3,NA
JCK-01,2,CHCH7,1.9,S,2.25,1,NA
JCK-01,2,PIAT,6.1,D,4.5,2,NA
JCK-01,2,PIAT,6.2,D,4.5,1.75,NA
JCK-01,2,PIAT,9.1,C,4.75,2.25,NA
JCK-01,2,PIAT,5,I,4.5,2,NA
JCK-01,2,CHCH7,3.1,I,3,1,NA
JCK-01,2,PIAT,3.1,S,4,2.75,NA
JCK-01,2,PIAT,6.2,C,4,1,NA
JCK-01,2,PIAT,7.9,D,5,2.75,NA
JCK-01,2,PIAT,5.7,C,4.5,2.25,NA
JCK-01,2,PIAT,5,X,NA,NA,NA
JCK-01,2,CHCH7,4.5,C,4.25,1.75,NA
JCK-01,2,PIAT,11.8,C,4,2.5,NA
JCK-01,4,PIAT,7.1,S,4.5,1.75,NA
JCK-01,4,PIAT,3.9,S,4.5,1.75,NA
JCK-01,4,PIAT,6.5,C,6,2.25,NA
JCK-01,4,PIAT,3.5,X,NA,NA,NA
JCK-01,4,PIAT,3.3,S,3.5,1.5,NA
JCK-01,4,PIAT,3.3,X,NA,NA,NA
JCK-01,4,PIAT,6.3,C,5.5,3,NA
JCK-01,4,PIAT,4.1,S,4.5,3,NA
JCK-01,4,PIAT,2.1,X,NA,NA,NA
JCK-01,4,PIAT,6.4,C,4.5,2.25,NA
JCK-01,4,PIAT,7.7,C,6,2.25,NA
JCK-01,4,PIAT,2.4,S,2.5,1.5,NA
JCK-01,4,PIAT,4.6,S,4.5,1.75,NA
JCK-01,4,PIAT,5.4,C,4.25,1.75,NA
JCK-01,7,PIAT,9.3,I,4.75,2.25,NA
JCK-01,7,PIAT,11.8,D,5.5,2.5,NA
JCK-01,7,ARME,9.3,I,4.75,2.25,NA
JCK-01,7,PIAT,11.4,D,7,3.25,NA
JCK-01,7,PIAT,10.9,C,5.5,2.5,NA
JCK-01,7,PIAT,4.6,I,4.25,2.25,NA
JCK-01,7,PIAT,6.6,I,4.75,3.5,NA
JCK-01,7,PIAT,6.7,S,5,3.25,NA
JCK-01,7,PIAT,10.3,C,5,2.75,NA
JCK-01,7,PIAT,10.7,C,7.5,4.25,NA
JCK-01,7,PIAT,8.1,I,5,2.5,NA
KT-02,2,LIDE3,3.3,I,6.25,1.75,NA
KT-02,2,LIDE3,6,S,3.5,2,NA
KT-02,2,LIDE3,3.9,S,4.5,1.5,NA
KT-02,2,SALIX,2.9,I,5.75,3.5,NA
KT-02,2,SALIX,2,X,NA,NA,NA
KT-02,2,SALIX,3.8,I,5.75,5.25,NA
KT-02,2,SALIX,3.5,S,5.25,4.25,NA
KT-02,2,SALIX,4.5,I,5.75,5.25,NA
KT-02,2,SALIX,5.2,I,7,5.75,NA
KT-02,2,ARME,1.8,X,NA,NA,NA
KT-02,2,LIDE3,5,S,4.75,2,NA
KT-02,2,LIDE3,9,C,7.5,2,NA
KT-02,2,SALIX,1.9,S,4,4,NA
KT-02,2,SALIX,1.9,X,NA,NA,NA
KT-02,2,LIDE3,3.7,I,6,5.5,NA
KT-02,2,LIDE3,10.1,C,6.25,1.5,NA
KT-02,2,LIDE3,2.3,S,5,4.5,NA
KT-02,2,SALIX,3.1,C,5.75,4.5,NA
KT-02,2,SALIX,2.8,X,NA,NA,NA
KT-02,2,SALIX,3.8,I,5.25,4.75,NA
KT-02,2,SALIX,4.3,I,6.5,5.5,NA
KT-02,2,SALIX,7.9,C,8,5.58,NA
KT-02,2,SALIX,1.8,X,NA,NA,NA
KT-02,2,LIDE3,3,X,NA,NA,NA
KT-02,2,LIDE3,3.1,X,NA,NA,NA
KT-02,2,SALIX,3.6,S,5,4,NA
KT-02,2,SALIX,2.3,X,NA,NA,NA
KT-02,2,LIDE3,2,S,3.25,2.5,NA
KT-02,2,LIDE3,2.2,S,2.75,2.25,NA
KT-02,2,LIDE3,2.8,I,5,4.5,NA
KT-02,2,SALIX,1.9,X,NA,NA,NA
KT-02,2,SALIX,2.5,D,6.5,4.75,NA
KT-02,2,SALIX,4.9,C,6.75,5.25,NA
KT-02,2,SALIX,6.4,C,7.5,5.5,NA
KT-02,2,SALIX,3.7,I,6.5,5.75,NA
KT-02,2,SALIX,1.8,S,4.25,3.5,NA
KT-02,2,LIDE3,11,C,8.75,2.75,NA
KT-02,2,LIDE3,2.9,S,3.25,2.75,NA
KT-02,2,SALIX,2.8,S,4.25,3.75,NA
KT-02,2,SALIX,2.7,S,4.5,2.5,NA
KT-02,2,LIDE3,1.7,S,2.5,2,NA
KT-02,2,SALIX,1.8,S,4.25,3.5,NA
KT-02,2,LIDE3,9.6,C,11.75,3.5,NA
KT-02,2,LIDE3,9,C,8,3.25,NA
KT-02,2,LIDE3,2.8,X,NA,NA,NA
KT-02,4,LIDE3,8.5,I,6,3.25,NA
KT-02,4,LIDE3,5,I,7,3,NA
KT-02,4,LIDE3,4.5,S,3.25,2,NA
KT-02,4,SALIX,1.6,X,NA,NA,NA
KT-02,4,LIDE3,1.5,X,NA,NA,NA
KT-02,4,LIDE3,1.9,S,1.75,2,NA
KT-02,4,LIDE3,1.9,S,2.75,1.75,NA
KT-02,4,LIDE3,2.2,X,NA,NA,NA
KT-02,4,LIDE3,10.1,C,10.25,2.6,NA
KT-02,4,LIDE3,4.7,I,5.5,2.5,NA
KT-02,4,PSME,7,C,8.5,3.2,NA
KT-02,4,LIDE3,7.8,C,7,2.75,NA
KT-02,4,LIDE3,5.8,C,7,3.5,NA
KT-02,4,LIDE3,3.1,X,NA,NA,NA
KT-02,4,LIDE3,3.3,X,NA,NA,NA
KT-02,4,LIDE3,2.7,S,2.75,2.25,NA
KT-02,4,LIDE3,5.3,I,7,3,NA
KT-02,4,SALIX,1.6,S,4,4,NA
KT-02,4,LIDE3,2.9,S,3,2,NA
KT-02,4,LIDE3,1.8,X,NA,NA,NA
KT-02,4,LIDE3,3.6,I,6.5,3.25,NA
KT-02,4,LIDE3,2.1,X,NA,NA,NA
KT-02,4,LIDE3,4.8,I,6.25,2.75,NA
KT-02,4,LIDE3,3.8,S,5.25,2.25,NA
KT-02,4,LIDE3,2.5,S,3.5,2.75,NA
KT-02,4,LIDE3,2.1,S,2,1.4,NA
KT-02,4,LIDE3,5.8,X,NA,NA,NA
KT-02,4,LIDE3,3.3,X,NA,NA,NA
KT-02,4,LIDE3,1.5,X,NA,NA,NA
KT-02,4,LIDE3,2.8,X,NA,NA,NA
KT-02,4,SALIX,2.2,I,5.5,4,NA
KT-02,4,LIDE3,3.8,I,5.5,3,NA
KT-02,4,LIDE3,2.8,X,NA,NA,NA
KT-02,4,LIDE3,3.5,I,5.75,1.5,NA
KT-02,4,LIDE3,6,C,7.25,3,NA
KT-02,4,LIDE3,5.9,I,7.25,3.5,NA
KT-02,4,LIDE3,3.9,S,3,2.5,NA
KT-02,4,LIDE3,4.2,I,8,2,NA
KT-02,4,LIDE3,2.7,X,NA,NA,NA
KT-02,7,LIDE3,10.2,C,8.25,4.25,NA
KT-02,7,LIDE3,2.6,S,2.75,2.5,NA
KT-02,7,SALIX,2.5,I,6,5.25,NA
KT-02,7,LIDE3,11.5,C,9.25,3,NA
KT-02,7,LIDE3,3.1,S,3.75,3.25,NA
KT-02,7,SALIX,1.8,S,4.5,3.75,NA
KT-02,7,LIDE3,4.7,I,6,1.75,NA
KT-02,7,SALIX,2.9,X,NA,NA,NA
KT-02,7,SALIX,1.6,X,NA,NA,NA
KT-02,7,LIDE3,10.1,C,7.5,4.5,NA
KT-02,7,LIDE3,2.3,S,4,2.5,NA
KT-02,7,SALIX,2.2,X,NA,NA,NA
KT-02,7,SALIX,2,S,5,4.25,NA
KT-02,7,LIDE3,2.7,X,NA,NA,NA
KT-02,7,LIDE3,3.4,S,4,3.5,NA
KT-02,7,LIDE3,2.1,X,NA,NA,NA
KT-02,7,SALIX,2,X,NA,NA,NA
KT-02,7,LIDE3,3.5,X,NA,NA,NA
KT-02,7,LIDE3,1.5,C,9,3.5,NA
KT-02,7,SALIX,3.2,I,6.75,4.75,NA
KT-02,7,LIDE3,3.6,X,NA,NA,NA
KT-02,7,SALIX,2.3,X,NA,NA,NA
KT-02,7,SALIX,2.2,X,NA,NA,NA
KT-02,7,LIDE3,6.9,C,7,4.5,NA
KT-02,7,LIDE3,4.8,C,7.5,2.25,NA
KT-02,7,SALIX,2.6,X,NA,NA,NA
KT-02,7,SALIX,2.1,S,5.1,4,NA
KT-02,7,LIDE3,2.9,X,NA,NA,NA
KT-02,7,LIDE3,5.9,I,6.75,4,NA
KT-02,7,LIDE3,2.6,I,6,3.5,NA
KT-02,7,SALIX,2.4,X,NA,NA,NA
KT-02,7,LIDE3,4.5,S,4.5,2.5,NA
KT-02,7,LIDE3,5.1,S,3,2.5,NA
KT-02,7,SALIX,1.5,X,NA,NA,NA
KT-02,7,LIDE3,2.1,S,3.75,1.5,NA
KT-02,7,SALIX,1.7,X,NA,NA,NA
KT-02,7,SALIX,4.5,I,6.5,5.5,NA
KT-02,7,LIDE3,3.7,S,5,2,NA
KT-02,7,LIDE3,6.3,C,7.25,4.25,NA
KT-02,7,SALIX,2.8,S,4.5,4.25,NA
KT-02,7,LIDE3,2.3,X,NA,NA,NA
KT-02,7,LIDE3,4.5,X,NA,NA,NA
KT-02,7,LIDE3,3.2,S,3.5,2.25,NA
KT-02,7,LIDE3,1.9,X,NA,NA,NA
KT-02,7,LIDE3,7.5,C,8.25,3.5,NA
KT-02,7,LIDE3,3.8,S,4.5,3,NA
KT-02,7,LIDE3,6.8,C,9,4.25,NA
KT-02,7,LIDE3,5,I,8.5,4.25,NA
KT-02,7,LIDE3,5.5,I,7.25,4,NA
KT-02,7,LIDE3,4.7,S,7.25,4,NA
KT-02,7,LIDE3,1.9,S,3.25,2,NA
KT-02,7,LIDE3,1.7,S,3,2,NA
KT-02,7,LIDE3,6.5,I,7.5,4.25,NA
KT-02,7,LIDE3,5.1,I,5.25,3.25,NA
KT-02,7,LIDE3,5.3,I,7.5,4.25,NA
KT-02,7,LIDE3,1.9,S,3.25,2,NA
KT-02,7,LIDE3,8.5,C,8.25,3.5,NA
KT-02,7,LIDE3,10.4,D,9.25,4.75,NA
KT-02,7,LIDE3,3.2,X,NA,NA,NA
KT-02,7,LIDE3,5.8,I,6.75,3.75,NA
KT-02,7,LIDE3,2.6,S,3.25,2.5,NA
KT-02,7,LIDE3,4.5,S,7.25,4.25,NA
KT-02,7,LIDE3,3.5,S,5.25,4.25,NA
KT-02,7,LIDE3,6.3,I,7.75,4.5,NA
KT-02,7,LIDE3,3.8,S,3.5,2.5,NA
KT-02,7,LIDE3,6.4,C,8,4,NA
KT-02,7,LIDE3,2.5,S,3.75,3.25,NA
KT-02,7,LIDE3,3.9,S,5,2.5,NA
KT-02,7,LIDE3,2.8,S,5,4,NA
KT-02,7,LIDE3,2.7,S,4.75,2.5,NA
KT-02,7,LIDE3,2,S,2,1.5,NA
KT-02,7,LIDE3,5.4,S,5.5,3,NA
KT-02,7,LIDE3,6.1,I,6.75,4.5,NA
KT-02,7,LIDE3,6,I,7.75,5.75,NA
KT-02,7,LIDE3,2.3,S,3.5,2.25,NA
KT-02,7,LIDE3,3.8,S,6.75,5.7,NA
KT-02,7,LIDE3,7.1,I,6.75,4,NA
BWC-01,2,NONE,NA,NA,NA,NA,NA
BWC-01,4,NONE,NA,NA,NA,NA,NA
BWC-01,7,NONE,NA,NA,NA,NA,NA
STC-03,2,PSME,8.3,C,5.25,0.75,NA
STC-03,2,QUCH2,3.6,I,3.5,0.75,NA
STC-03,2,ARME,9.1,C,4.5,1,NA
STC-03,2,ARME,6.2,S,3,1.75,NA
STC-03,2,QUCH2,9.1,C,5.75,2,NA
STC-03,2,QUCH2,11,C,6,1.25,NA
STC-03,2,QUCH2,2,S,3,1.5,NA
STC-03,2,QUCH2,4.1,I,4.75,1,NA
STC-03,2,QUCH2,4.6,S,4.25,1.5,NA
STC-03,2,QUCH2,7.2,C,5.5,2.25,NA
STC-03,2,PSME,2.9,S,2.5,0.75,NA
STC-03,2,QUCH2,3.5,S,3.25,3,NA
STC-03,2,ARME,10.7,X,NA,NA,NA
STC-03,2,QUCH2,9.5,C,6,1,NA
STC-03,2,QUCH2,6.5,C,5.25,1.25,NA
STC-03,2,QUCH2,3.4,I,5.25,2,NA
STC-03,2,QUCH2,2.3,S,2.75,2.25,NA
STC-03,2,QUCH2,6.2,C,4.25,2,NA
STC-03,2,QUCH2,3.6,I,3.75,1.5,NA
STC-03,2,QUCH2,2.5,I,3,1,NA
STC-03,2,ARME,10.5,C,4.75,1,NA
STC-03,2,QUCH2,2,S,2.75,1.75,NA
STC-03,2,QUCH2,5.2,I,4.5,1.25,NA
STC-03,2,QUCH2,4.1,I,4,1.75,NA
STC-03,2,QUCH2,4.9,I,3.5,1.5,NA
STC-03,2,QUCH2,7.8,C,6.25,1.75,NA
STC-03,4,QUCH2,8.3,C,4,1.5,NA
STC-03,4,ARME,3.1,S,2.5,1.5,NA
STC-03,4,QUCH2,5.7,I,4.25,2,NA
STC-03,4,PSME,2.3,S,2.25,0.25,NA
STC-03,4,QUCH2,4.7,I,4.25,1.75,NA
STC-03,4,QUCH2,2.5,S,3.25,1.75,NA
STC-03,4,QUCH2,1.9,S,3,1.75,NA
STC-03,4,QUCH2,7.2,C,4.5,2.5,NA
STC-03,4,QUCH2,5.2,C,4.5,1.75,NA
STC-03,4,ARME,11,C,7.25,3.25,NA
STC-03,4,QUCH2,7,D,5,1.5,NA
STC-03,4,QUCH2,4,I,3.75,1.5,NA
STC-03,4,QUCH2,3.4,I,3.75,1.75,NA
STC-03,4,QUCH2,2.1,S,3,1.75,NA
STC-03,4,QUCH2,5.4,C,4.25,2.25,NA
STC-03,4,QUCH2,5.8,C,4.5,1.75,NA
STC-03,4,QUCH2,3.6,S,3.25,2,NA
STC-03,4,QUCH2,4.3,I,3.75,1.5,NA
STC-03,4,QUCH2,3.7,S,3.25,1.75,NA
STC-03,4,QUCH2,3.9,S,3.5,2.5,NA
STC-03,4,QUCH2,5.2,C,4.25,2,NA
STC-03,7,PSME,2,S,1.75,0.25,NA
STC-03,7,QUCH2,2.3,C,2.25,0.5,NA
STC-03,7,PILA,3.5,C,2.75,0.5,NA
STC-03,7,QUCH2,5.5,C,4.5,1,NA
STC-03,7,QUCH2,1.6,I,2.5,0.5,NA
STC-03,7,QUCH2,3.2,I,2.5,0.75,NA
STC-03,7,QUCH2,2.9,D,2.5,0.75,NA
STC-03,7,PILA,3.5,C,2.75,0.5,NA
STC-03,7,QUCH2,6,C,4,1,NA
STC-03,7,QUCH2,3.8,C,3.25,1,NA
STC-03,7,QUCH2,3.7,S,4,1.25,NA
STC-03,7,QUCH2,4,C,3,0.75,NA
STC-03,7,QUCH2,3.1,I,3.25,0.75,NA
STC-03,7,QUCH2,4.4,C,3.25,1,NA
REP-01,7,PIAT,2.6,S,4,1.5,NA
REP-01,7,PIAT,7.7,C,6,2.25,NA
REP-01,7,PSME,3.1,S,3.25,0.75,NA
REP-01,7,PSME,1.7,S,2.5,1.4,NA
REP-01,7,LIDE3,4.3,C,3.75,1.5,NA
REP-01,7,PSME,9.4,C,7,2.5,NA
REP-01,7,LIDE3,6.6,I,4.25,1.75,NA
REP-01,7,PSME,3.7,I,4.25,1.25,NA
REP-01,7,ARME,2.5,S,2.25,1.75,NA
REP-01,7,LIDE3,3,I,3.75,2,NA
REP-01,7,LIDE3,2.9,S,2.5,1.25,NA
REP-01,7,PIAT,10,C,6.5,3,NA
REP-01,7,PIAT,9.4,D,7.25,2.25,NA
REP-01,7,PSME,1.5,S,2.75,1.25,NA
REP-01,7,PSME,2.8,S,3,1.5,NA
REP-01,7,LIDE3,4.5,C,3.75,1.75,NA
REP-01,7,LIDE3,3.6,I,3.5,1.75,NA
REP-01,7,PSME,3.7,I,4.5,1.75,NA
REP-01,7,LIDE3,2.5,S,3.25,2,NA
REP-01,7,PIAT,5.1,C,5.25,3.25,NA
REP-01,7,PSME,3.5,S,3.75,1.5,NA
REP-01,7,PSME,7.8,C,6.5,1.5,NA
REP-01,7,LIDE3,3.3,I,3.25,1.75,NA
REP-01,7,PSME,8.2,D,7.75,2.1,NA
REP-01,7,LIDE3,3.8,C,4,2.25,NA
REP-01,7,LIDE3,7,C,5.25,2.5,NA
REP-01,2,PSME,7.8,D,5.5,2.25,NA
REP-01,2,LIDE3,4.6,I,3.25,2.25,NA
REP-01,2,PSME,4.7,C,6,2,NA
REP-01,2,PSME,3.1,I,4,1.25,NA
REP-01,2,PSME,3.8,I,4.5,1.5,NA
REP-01,2,LIDE3,6.8,D,5.25,2.25,NA
REP-01,2,PIAT,6.1,D,5,1.5,NA
REP-01,2,PSME,3.2,I,3.25,1.75,NA
REP-01,2,PSME,3.4,I,4.25,1.75,NA
REP-01,2,PSME,3.1,C,4,1.5,NA
REP-01,2,PSME,7.1,C,5.5,1.25,NA
REP-01,2,LIDE3,3,I,4.25,2.25,NA
REP-01,2,PSME,4.4,C,4,1.5,NA
REP-01,2,PSME,1.8,S,3.25,1.25,NA
REP-01,2,PSME,7.4,D,6.75,1.5,NA
REP-01,2,PSME,2.9,S,3.5,1.75,NA
REP-01,2,PSME,2.9,I,3.75,1.75,NA
REP-01,2,PSME,7.2,C,5.5,1.5,NA
REP-01,2,LIDE3,3.1,S,4,1.5,NA
REP-01,2,PSME,7.7,D,6.5,1.5,NA
REP-01,2,PSME,1.5,S,2.25,1.5,NA
REP-01,2,PSME,2.2,S,3.25,1.5,NA
REP-01,2,PSME,4.1,D,4.75,1,NA
REP-01,4,PSME,4.6,I,4.75,1.6,NA
REP-01,4,QUCH2,2,I,3.25,1.25,NA
REP-01,4,PSME,6.1,C,5,0.75,NA
REP-01,4,PIAT,3.4,I,3.25,1.5,NA
REP-01,4,LIDE3,3.4,S,3.75,2.75,NA
REP-01,4,LIDE3,8.6,C,6,2.25,NA
REP-01,4,LIDE3,2.2,S,2.75,2.25,NA
REP-01,4,LIDE3,9.7,C,7.25,2.25,NA
REP-01,4,PSME,4,I,5.5,1.5,NA
REP-01,4,LIDE3,1.9,S,2.75,0.5,NA
REP-01,4,LIDE3,3.2,I,4.5,1.6,NA
REP-01,4,LIDE3,2.1,I,3.5,1.5,NA
REP-01,4,LIDE3,5.1,C,5,1.75,NA
REP-01,4,LIDE3,2.4,S,3.5,1.25,NA
REP-01,4,PSME,3.9,S,2.75,1.2,NA
REP-01,4,PSME,2.9,I,2.75,1,NA
REP-01,4,PIAT,8.6,C,7.75,3.25,NA
REP-01,4,LIDE3,6.1,C,6,2.5,NA
REP-01,4,LIDE3,8.2,C,7,2.75,NA
REP-01,4,LIDE3,4.3,I,4.5,1.75,NA
REP-01,4,LIDE3,8,C,6.25,2.5,NA
REP-01,4,PSME,4,I,3.5,1.3,NA
REP-01,4,LIDE3,7,C,4.25,1.5,NA
REP-01,4,LIDE3,5.1,C,4.25,2,NA
REP-01,4,LIDE3,2,I,3.75,1.5,NA
REP-01,4,LIDE3,4,C,3.75,1.75,NA
REP-01,4,LIDE3,4.8,S,4,1.5,NA
REP-01,4,PSME,4.9,I,4,1.2,NA
REP-01,4,PSME,4.8,C,5,1.5,NA
REP-01,4,PIAT,3.1,I,5.25,2,NA
REP-01,4,LIDE3,8.5,C,5,2,NA
REP-01,4,LIDE3,6.1,C,7,2.5,NA
REP-01,4,LIDE3,8.5,C,7.25,2.5,NA
REP-01,4,LIDE3,2.4,I,3.25,1.25,NA
REP-01,4,PSME,7.2,C,7.5,2.3,NA
REP-01,4,LIDE3,3,S,3,1.8,NA
REP-01,4,LIDE3,2.5,C,3.5,1.5,NA
REP-01,4,LIDE3,2.3,I,4.25,1.25,NA
REP-01,4,LIDE3,3.7,C,4,1.5,NA
REP-01,4,LIDE3,3.1,S,3.5,1.5,NA
REP-02,2,LIDE3,1.5,C,2.25,1.25,NA
REP-02,2,PSME,1.5,I,2,0.75,NA
REP-02,2,LIDE3,2.7,C,3.5,1,NA
REP-02,2,LIDE3,1.5,I,2.25,1,NA
REP-02,2,LIDE3,2,C,2.25,1,NA
REP-02,2,LIDE3,1.7,C,2.25,1,NA
REP-02,2,LIDE3,1.9,C,2.5,0.5,NA
REP-02,2,PSME,1.7,I,2.25,0.75,NA
REP-02,2,PSME,2.2,I,2.5,1,NA
REP-02,2,LIDE3,1.9,C,2.5,1.25,NA
REP-02,2,PSME,2.6,C,3.75,1,NA
REP-02,2,LIDE3,2.3,C,2.5,0.75,NA
REP-02,2,LIDE3,1.7,I,2.5,1,NA
REP-02,2,LIDE3,1.7,I,2.25,1,NA
REP-02,2,LIDE3,1.5,C,2.25,1,NA
REP-02,2,LIDE3,1.5,C,2.5,1,NA
REP-02,2,PSME,3.4,D,4.25,0.75,NA
REP-02,2,PSME,3.6,C,2.25,0.75,NA
REP-02,2,LIDE3,2.2,I,2.5,1.5,NA
REP-02,2,PSME,3.3,C,3.25,0.75,NA
REP-02,2,LIDE3,3,C,3.25,0.75,NA
REP-02,2,LIDE3,1.6,I,1.75,1,NA
REP-02,2,LIDE3,2.1,I,2,1,NA
REP-02,2,LIDE3,2.4,C,2.5,0.75,NA
REP-02,2,LIDE3,2.1,C,4,1.25,NA
REP-02,2,PSME,3.2,C,3.25,0.75,NA
REP-02,2,PSME,6.5,D,5.5,0.75,NA
REP-02,2,LIDE3,2.3,C,4,1.5,NA
REP-02,2,LIDE3,1.5,C,2,0.75,NA
REP-02,2,LIDE3,1.5,I,2.5,0.75,NA
REP-02,2,LIDE3,1.5,I,1.75,0.75,NA
REP-02,2,PSME,2.8,C,3.25,0.75,NA
REP-02,2,PSME,2.3,I,2.5,1,NA
REP-02,2,LIDE3,1.9,I,2,1,NA
REP-02,2,LIDE3,1.7,C,2.5,1,NA
REP-02,2,LIDE3,2.3,D,2.5,0.25,NA
REP-02,2,LIDE3,2.6,D,2.75,0.75,NA
REP-02,2,PSME,3.2,C,3.25,1,NA
REP-02,2,PSME,1.7,I,2.2,1.2,NA
REP-02,2,LIDE3,1.7,I,2.5,1,NA
REP-02,2,LIDE3,2.2,C,2.5,0.75,NA
REP-02,2,LIDE3,1.5,C,2.5,1,NA
REP-02,2,LIDE3,2,I,2.5,0.75,NA
REP-02,2,PSME,5.1,D,4,1.25,NA
REP-02,2,PSME,1.7,C,2.25,1,NA
REP-02,4,PSME,6.2,D,4.25,0.75,NA
REP-02,4,LIDE3,1.5,I,2.25,0.75,NA
REP-02,4,LIDE3,2.4,C,3.25,1,NA
REP-02,4,LIDE3,2.8,I,3,1,NA
REP-02,4,UMCA,1.5,I,2.5,1,NA
REP-02,4,ARME,4.5,C,3.5,2.5,NA
REP-02,4,PSME,2,C,3.25,1.25,NA
REP-02,4,LIDE3,2,I,2.25,0.5,NA
REP-02,4,LIDE3,2.8,C,3.25,1.5,NA
REP-02,4,LIDE3,3,C,3.25,1.5,NA
REP-02,4,ARME,6.2,C,4.5,2,NA
REP-02,4,PSME,1.7,S,2.25,1,NA
REP-02,4,LIDE3,1.8,I,3.75,1,NA
REP-02,4,LIDE3,2.1,I,2.75,1,NA
REP-02,4,LIDE3,1.9,S,2.25,1,NA
REP-02,4,ARME,2.3,X,NA,NA,NA
REP-02,4,ARME,7.8,C,5,4.5,NA
REP-02,4,LIDE3,2,S,2.5,0.75,NA
REP-02,4,LIDE3,3.3,I,3.25,1.25,NA
REP-02,4,LIDE3,1.8,S,2.75,1.5,NA
REP-02,4,ARME,1.6,S,2.25,1.5,NA
REP-02,4,LIDE3,2,I,3,1.25,NA
REP-02,4,PSME,2.9,I,2.75,0.75,NA
REP-02,4,LIDE3,2.2,I,3,0.75,NA
REP-02,4,LIDE3,1.5,S,2.25,1,NA
REP-02,4,LIDE3,2.1,C,3.25,1,NA
REP-02,4,LIDE3,3.4,C,3.5,1.25,NA
REP-02,4,LIDE3,1.7,S,2.25,1,NA
REP-02,4,PSME,4.8,C,4.75,1,NA
REP-02,4,LIDE3,1.5,I,2.5,1,NA
REP-02,4,ARME,6,D,3.75,3.5,NA
REP-02,4,LIDE3,1.9,S,2.25,0.75,NA
REP-02,4,LIDE3,2.8,I,3.25,1.25,NA
REP-02,4,LIDE3,1.5,S,2.25,0.75,NA
REP-02,4,ARME,7.4,C,4.5,3,NA
REP-02,4,LIDE3,2.6,I,3,1.25,NA
REP-02,4,PSME,2.8,I,3.25,1,NA
REP-02,4,LIDE3,2,I,2.5,1.25,NA
REP-02,4,LIDE3,3.1,C,4,1,NA
REP-02,4,LIDE3,3.1,C,3.75,0.75,NA
REP-02,4,LIDE3,3,C,3.5,1,NA
REP-02,4,LIDE3,2,I,3.5,1.25,NA
REP-02,4,PSME,4.6,D,3.75,1,NA
REP-02,4,LIDE3,1.6,C,2.5,1.25,NA
REP-02,4,ARME,2.4,I,2.5,2,NA
REP-02,4,LIDE3,2.3,S,3,1,NA
REP-02,4,LIDE3,2,S,2.75,1,NA
REP-02,4,LIDE3,2,S,2.5,0.5,NA
REP-02,4,ARME,7,C,4.25,3.25,NA
REP-02,4,LIDE3,2.6,I,3,1,NA
REP-02,4,PSME,4.6,C,4,0.5,NA
REP-02,4,LIDE3,2.2,I,3,1.25,NA
REP-02,4,LIDE3,2.3,S,3,1.25,NA
REP-02,4,LIDE3,3,I,2.75,1,NA
REP-02,4,LIDE3,1.7,S,2.25,1.25,NA
REP-02,4,LIDE3,3,C,3.25,0.75,NA
REP-02,4,PSME,1.7,I,2.25,0.75,NA
REP-02,4,LIDE3,1.8,I,2.5,0.25,NA
REP-02,4,ARME,1.9,I,2.5,1.25,NA
REP-02,4,PSME,2.5,I,3,0.75,NA
REP-02,4,LIDE3,2.2,S,3.75,0.75,NA
REP-02,4,PSME,3.2,I,3.25,1.25,NA
REP-02,7,LIDE3,4,D,3.25,0.75,NA
REP-02,7,LIDE3,2.5,C,2.5,0.5,NA
REP-02,7,LIDE3,2.9,C,2.5,0.25,NA
REP-02,7,PIAT,4.8,D,3.5,1,NA
REP-02,7,PSME,7.4,X,NA,NA,NA
REP-02,7,LIDE3,1.6,D,2,0.75,NA
REP-02,7,LIDE3,3.3,D,3,0.75,NA
REP-02,7,LIDE3,2.2,I,2.5,1,NA
REP-02,7,LIDE3,1.8,D,2,0.75,NA
REP-02,7,PSME,3.3,D,3.25,0.25,NA
REP-02,7,LIDE3,1.7,I,2,0.75,NA
REP-02,7,LIDE3,1.9,I,2.25,0.75,NA
REP-02,7,LIDE3,2.9,I,2.5,0.5,NA
REP-02,7,LIDE3,2.1,C,2,0.75,NA